Timestamp,Symbol,Regime,Signal,Entry,SL,TP,Outcome
2026-03-10 19:35:37,EURUSD,0,,0.0,0.0,0.0,Pending
2026-03-10 19:35:38,GBPUSD,0,,0.0,0.0,0.0,Pending
2026-03-10 19:35:38,USDJPY,0,,0.0,0.0,0.0,Pending
2026-03-10 19:35:38,AUDUSD,0,,0.0,0.0,0.0,Pending
2026-03-10 19:35:39,USDCAD,0,,0.0,0.0,0.0,Pending
2026-03-10 19:35:39,USDCHF,0,,0.0,0.0,0.0,Pending
2026-03-10 19:35:39,NZDUSD,0,,0.0,0.0,0.0,Pending
2026-03-10 19:35:39,EURGBP,0,,0.0,0.0,0.0,Pending
2026-03-10 19:35:40,EURJPY,0,,0.0,0.0,0.0,Pending
2026-03-10 19:35:40,GBPJPY,0,,0.0,0.0,0.0,Pending
2026-03-10 19:35:40,XAUUSD,0,,0.0,0.0,0.0,Pending
2026-03-10 19:37:20,EURUSD,0,,0.0,0.0,0.0,Pending
2026-03-10 19:37:20,GBPUSD,0,,0.0,0.0,0.0,Pending
2026-03-10 19:37:21,USDJPY,0,,0.0,0.0,0.0,Pending
2026-03-10 19:37:21,AUDUSD,0,,0.0,0.0,0.0,Pending
2026-03-10 19:37:21,USDCAD,0,,0.0,0.0,0.0,Pending
2026-03-10 19:37:21,USDCHF,0,,0.0,0.0,0.0,Pending
2026-03-10 19:37:21,NZDUSD,0,,0.0,0.0,0.0,Pending
2026-03-10 19:37:22,EURGBP,0,,0.0,0.0,0.0,Pending
2026-03-10 19:37:22,EURJPY,0,,0.0,0.0,0.0,Pending
2026-03-10 19:37:22,GBPJPY,0,,0.0,0.0,0.0,Pending
2026-03-10 19:37:22,XAUUSD,0,,0.0,0.0,0.0,Pending
2026-03-10 20:28:55,EURUSD,0,,0.0,0.0,0.0,Pending
2026-03-10 20:28:56,GBPUSD,0,,0.0,0.0,0.0,Pending
2026-03-10 20:28:56,USDJPY,0,,0.0,0.0,0.0,Pending
2026-03-10 20:28:56,AUDUSD,0,,0.0,0.0,0.0,Pending
2026-03-10 20:28:56,USDCAD,0,,0.0,0.0,0.0,Pending
2026-03-10 20:28:57,USDCHF,0,,0.0,0.0,0.0,Pending
2026-03-10 20:28:57,NZDUSD,0,,0.0,0.0,0.0,Pending
2026-03-10 20:28:57,EURGBP,0,,0.0,0.0,0.0,Pending
2026-03-10 20:28:58,EURJPY,0,,0.0,0.0,0.0,Pending
2026-03-10 20:28:58,GBPJPY,0,,0.0,0.0,0.0,Pending
2026-03-10 20:28:58,XAUUSD,0,,0.0,0.0,0.0,Pending
2026-03-10 21:25:49,EURUSD,0,,0.0,0.0,0.0,Pending
2026-03-10 21:25:49,GBPUSD,0,,0.0,0.0,0.0,Pending
2026-03-10 21:25:49,USDJPY,0,,0.0,0.0,0.0,Pending
2026-03-10 21:25:49,AUDUSD,0,,0.0,0.0,0.0,Pending
2026-03-10 21:25:49,USDCAD,0,,0.0,0.0,0.0,Pending
2026-03-10 21:25:50,USDCHF,0,,0.0,0.0,0.0,Pending
2026-03-10 21:25:50,NZDUSD,0,,0.0,0.0,0.0,Pending
2026-03-10 21:25:50,EURGBP,0,,0.0,0.0,0.0,Pending
2026-03-10 21:25:50,EURJPY,0,,0.0,0.0,0.0,Pending
2026-03-10 21:25:51,GBPJPY,0,,0.0,0.0,0.0,Pending
2026-03-10 21:25:51,XAUUSD,0,,0.0,0.0,0.0,Pending
2026-03-10 22:23:50,EURUSD,0,,0.0,0.0,0.0,Pending
2026-03-10 22:23:50,GBPUSD,0,,0.0,0.0,0.0,Pending
2026-03-10 22:23:50,USDJPY,0,,0.0,0.0,0.0,Pending
2026-03-10 22:23:50,AUDUSD,0,,0.0,0.0,0.0,Pending
2026-03-10 22:23:51,USDCAD,0,,0.0,0.0,0.0,Pending
2026-03-10 22:23:51,USDCHF,0,,0.0,0.0,0.0,Pending
2026-03-10 22:23:51,NZDUSD,0,,0.0,0.0,0.0,Pending
2026-03-10 22:23:51,EURGBP,0,,0.0,0.0,0.0,Pending
2026-03-10 22:23:51,EURJPY,0,,0.0,0.0,0.0,Pending
2026-03-10 22:23:52,GBPJPY,0,,0.0,0.0,0.0,Pending
2026-03-10 22:23:52,XAUUSD,0,,0.0,0.0,0.0,Pending
2026-03-10 23:23:16,EURUSD,0,,0.0,0.0,0.0,Pending
2026-03-10 23:23:16,GBPUSD,0,,0.0,0.0,0.0,Pending
2026-03-10 23:23:16,USDJPY,0,,0.0,0.0,0.0,Pending
2026-03-10 23:23:17,AUDUSD,0,,0.0,0.0,0.0,Pending
2026-03-10 23:23:17,USDCAD,0,,0.0,0.0,0.0,Pending
2026-03-10 23:23:17,USDCHF,0,,0.0,0.0,0.0,Pending
2026-03-10 23:23:18,NZDUSD,0,,0.0,0.0,0.0,Pending
2026-03-10 23:23:18,EURGBP,0,,0.0,0.0,0.0,Pending
2026-03-10 23:23:18,EURJPY,0,,0.0,0.0,0.0,Pending
2026-03-10 23:23:18,GBPJPY,0,,0.0,0.0,0.0,Pending
2026-03-10 23:23:19,XAUUSD,0,,0.0,0.0,0.0,Pending
2026-03-11 01:41:43,EURUSD,0,,0.0,0.0,0.0,Pending
2026-03-11 01:41:43,GBPUSD,0,,0.0,0.0,0.0,Pending
2026-03-11 01:41:44,USDJPY,0,,0.0,0.0,0.0,Pending
2026-03-11 01:41:44,AUDUSD,0,,0.0,0.0,0.0,Pending
2026-03-11 01:41:44,USDCAD,0,,0.0,0.0,0.0,Pending
2026-03-11 01:41:45,USDCHF,0,,0.0,0.0,0.0,Pending
2026-03-11 01:41:45,NZDUSD,0,,0.0,0.0,0.0,Pending
2026-03-11 01:41:46,EURGBP,0,,0.0,0.0,0.0,Pending
2026-03-11 01:41:47,EURJPY,0,SELL (Mean Reversion),183.955,184.2564,183.3522,✅ TAKE PROFIT
2026-03-11 01:41:48,GBPJPY,0,SELL (Mean Reversion),212.75101,213.13277,211.98749,✅ TAKE PROFIT
2026-03-11 01:41:48,XAUUSD,0,,0.0,0.0,0.0,Pending
2026-03-11 04:06:25,EURUSD,0,,0.0,0.0,0.0,Pending
2026-03-11 04:06:25,GBPUSD,0,,0.0,0.0,0.0,Pending
2026-03-11 04:06:26,USDJPY,0,,0.0,0.0,0.0,Pending
2026-03-11 04:06:26,AUDUSD,0,,0.0,0.0,0.0,Pending
2026-03-11 04:06:26,USDCAD,0,,0.0,0.0,0.0,Pending
2026-03-11 04:06:27,USDCHF,0,,0.0,0.0,0.0,Pending
2026-03-11 04:06:27,NZDUSD,0,,0.0,0.0,0.0,Pending
2026-03-11 04:06:27,EURGBP,0,,0.0,0.0,0.0,Pending
2026-03-11 04:06:27,EURJPY,0,,0.0,0.0,0.0,Pending
2026-03-11 04:06:28,GBPJPY,0,,0.0,0.0,0.0,Pending
2026-03-11 04:06:28,XAUUSD,1,,0.0,0.0,0.0,Pending
2026-03-11 10:34:53,EURGBP,0,BUY (Mean Reversion),0.86357,0.86249,0.86501,✅ TAKE PROFIT
2026-03-11 11:30:08,EURGBP,0,BUY (Mean Reversion),0.86339,0.86232,0.86482,✅ TAKE PROFIT
2026-03-11 15:42:58,EURUSD,0,BUY (Mean Reversion),1.15741,1.15498,1.16064,✅ TAKE PROFIT
2026-03-11 15:42:59,USDJPY,0,SELL (Mean Reversion),158.813,159.16722,158.34071,✅ TAKE PROFIT
2026-03-11 16:45:38,USDJPY,0,SELL (Mean Reversion),158.826,159.16991,158.36747,✅ TAKE PROFIT
2026-03-11 17:45:21,USDJPY,0,SELL (Mean Reversion),158.908,159.24545,158.45808,✅ TAKE PROFIT
2026-03-11 19:39:28,GBPJPY,0,SELL (Mean Reversion),213.26199,213.65705,212.73525,✅ TAKE PROFIT
2026-03-11 23:21:14,USDCHF,0,SELL (Mean Reversion),0.78164,0.78355,0.77909,✅ TAKE PROFIT
2026-03-12 14:00:59,AUDUSD,0,BUY (Mean Reversion),0.71023,0.70798,0.71323,✅ TAKE PROFIT
2026-03-12 14:01:00,NZDUSD,0,BUY (Mean Reversion),0.58796,0.58634,0.59011,✅ TAKE PROFIT
2026-03-12 15:55:49,AUDUSD,0,BUY (Mean Reversion),0.70957,0.7071,0.71287,✅ TAKE PROFIT
2026-03-12 15:55:57,USDCAD,0,SELL (Mean Reversion),1.36199,1.36453,1.3586,✅ TAKE PROFIT
2026-03-12 15:56:01,USDCHF,0,SELL (Mean Reversion),0.78432,0.78623,0.78178,✅ TAKE PROFIT
2026-03-12 15:56:09,NZDUSD,0,BUY (Mean Reversion),0.5872,0.58544,0.58954,✅ TAKE PROFIT
2026-03-12 16:56:10,USDCAD,0,SELL (Mean Reversion),1.3626,1.36516,1.35919,✅ TAKE PROFIT
2026-03-12 16:56:11,NZDUSD,0,BUY (Mean Reversion),0.58606,0.5843,0.58842,✅ TAKE PROFIT
2026-03-12 17:47:17,USDCAD,0,SELL (Mean Reversion),1.36281,1.36538,1.35939,✅ TAKE PROFIT
2026-03-12 17:47:18,NZDUSD,0,BUY (Mean Reversion),0.58586,0.58413,0.58815,✅ TAKE PROFIT
2026-03-12 18:46:40,USDCHF,0,SELL (Mean Reversion),0.7853,0.7872,0.78277,✅ TAKE PROFIT
2026-03-12 18:46:42,XAUUSD,0,BUY (Mean Reversion),5107.0,5072.78811,5152.61585,✅ TAKE PROFIT
2026-03-12 19:39:53,XAUUSD,0,BUY (Mean Reversion),5099.5,5065.10452,5145.36064,✅ TAKE PROFIT
2026-03-12 20:30:03,USDCAD,0,SELL (Mean Reversion),1.36375,1.36623,1.36044,✅ TAKE PROFIT
2026-03-12 21:29:15,XAUUSD,0,BUY (Mean Reversion),5084.1001,5047.80074,5132.49924,✅ TAKE PROFIT
2026-03-13 06:45:56,NZDUSD,0,BUY (Mean Reversion),0.58187,0.5804,0.58383,✅ TAKE PROFIT
2026-03-13 06:45:57,GBPJPY,0,BUY (Mean Reversion),212.244,211.90161,212.70053,✅ TAKE PROFIT
2026-03-13 07:41:31,EURUSD,0,BUY (Mean Reversion),1.14745,1.14569,1.14979,✅ TAKE PROFIT
2026-03-13 07:41:32,GBPUSD,0,BUY (Mean Reversion),1.32922,1.32681,1.33244,✅ TAKE PROFIT
2026-03-13 07:41:33,AUDUSD,0,BUY (Mean Reversion),0.70323,0.70116,0.706,✅ TAKE PROFIT
2026-03-13 07:41:34,USDCAD,0,SELL (Mean Reversion),1.36606,1.36836,1.36299,✅ TAKE PROFIT
2026-03-13 07:41:35,NZDUSD,0,BUY (Mean Reversion),0.58116,0.57968,0.58313,✅ TAKE PROFIT
2026-03-13 07:41:36,EURJPY,0,BUY (Mean Reversion),182.828,182.53938,183.21283,✅ TAKE PROFIT
2026-03-13 07:41:37,GBPJPY,0,BUY (Mean Reversion),211.83099,211.45996,212.32571,✅ TAKE PROFIT
2026-03-13 08:35:00,EURUSD,0,BUY (Mean Reversion),1.14508,1.14305,1.14779,✅ TAKE PROFIT
2026-03-13 08:35:01,GBPUSD,0,BUY (Mean Reversion),1.32686,1.32425,1.33033,✅ TAKE PROFIT
2026-03-13 08:35:01,AUDUSD,0,BUY (Mean Reversion),0.70299,0.70092,0.70575,✅ TAKE PROFIT
2026-03-13 08:35:02,USDCAD,0,SELL (Mean Reversion),1.36656,1.36882,1.36354,✅ TAKE PROFIT
2026-03-13 08:35:02,USDCHF,0,SELL (Mean Reversion),0.78894,0.79054,0.78681,✅ TAKE PROFIT
2026-03-13 08:35:03,EURJPY,0,BUY (Mean Reversion),182.47,182.13955,182.91061,✅ TAKE PROFIT
2026-03-13 08:35:03,GBPJPY,0,BUY (Mean Reversion),211.491,211.09377,212.02063,✅ TAKE PROFIT
2026-03-13 09:35:07,GBPUSD,0,BUY (Mean Reversion),1.32792,1.32529,1.33141,✅ TAKE PROFIT
2026-03-13 09:35:09,EURJPY,0,BUY (Mean Reversion),182.623,182.28208,183.07757,✅ TAKE PROFIT
2026-03-13 09:35:09,GBPJPY,0,BUY (Mean Reversion),211.59,211.16846,212.15204,✅ TAKE PROFIT
2026-03-13 10:32:05,GBPUSD,0,BUY (Mean Reversion),1.3257,1.32304,1.32924,✅ TAKE PROFIT
2026-03-13 10:32:05,USDCAD,0,SELL (Mean Reversion),1.36763,1.36996,1.36453,✅ TAKE PROFIT
2026-03-13 10:32:07,GBPJPY,0,BUY (Mean Reversion),211.408,210.99258,211.96191,✅ TAKE PROFIT
2026-03-13 11:27:50,EURGBP,0,SELL (Mean Reversion),0.86481,0.8659,0.86335,✅ TAKE PROFIT
2026-03-13 12:48:49,USDCAD,0,SELL (Mean Reversion),1.36951,1.37226,1.36584,✅ TAKE PROFIT
2026-03-13 12:48:50,EURGBP,0,SELL (Mean Reversion),0.86484,0.86597,0.86333,✅ TAKE PROFIT
2026-03-13 14:42:59,USDCAD,0,SELL (Mean Reversion),1.37008,1.37312,1.36602,✅ TAKE PROFIT
2026-03-13 15:38:35,AUDUSD,0,BUY (Mean Reversion),0.70136,0.69901,0.70449,✅ TAKE PROFIT
2026-03-13 15:38:35,USDCAD,0,SELL (Mean Reversion),1.37316,1.37641,1.36883,✅ TAKE PROFIT
2026-03-13 16:35:18,USDCAD,0,SELL (Mean Reversion),1.3738,1.37698,1.36955,✅ TAKE PROFIT
2026-03-13 16:35:20,XAUUSD,0,BUY (Mean Reversion),5044.6001,5005.78218,5096.35731,✅ TAKE PROFIT
2026-03-16 06:18:31,EURJPY,0,BUY (Mean Reversion),182.149,181.87619,182.51275,✅ TAKE PROFIT
2026-03-16 11:42:59,NZDUSD,0,SELL (Mean Reversion),0.58435,0.58586,0.58234,✅ TAKE PROFIT
2026-03-16 19:01:50,GBPUSD,0,SELL (Mean Reversion),1.33337,1.33604,1.3298,✅ TAKE PROFIT
2026-03-17 13:01:59,EURUSD,0,SELL (Mean Reversion),1.1534,1.15555,1.15054,✅ TAKE PROFIT
2026-03-17 13:02:00,AUDUSD,0,SELL (Mean Reversion),0.71017,0.71215,0.70753,✅ TAKE PROFIT
2026-03-17 14:52:03,EURUSD,0,SELL (Mean Reversion),1.15407,1.15634,1.15104,✅ TAKE PROFIT
2026-03-17 14:52:04,GBPUSD,0,SELL (Mean Reversion),1.33547,1.33817,1.33187,✅ TAKE PROFIT
2026-03-17 14:52:05,AUDUSD,0,SELL (Mean Reversion),0.71062,0.71276,0.70776,✅ TAKE PROFIT
2026-03-17 17:55:23,USDCHF,0,BUY (Mean Reversion),0.78464,0.78289,0.78698,✅ TAKE PROFIT
2026-03-17 18:56:35,EURJPY,0,SELL (Mean Reversion),183.502,183.7695,183.14534,✅ TAKE PROFIT
2026-03-17 18:56:35,GBPJPY,0,SELL (Mean Reversion),212.399,212.73188,211.95516,✅ TAKE PROFIT
2026-03-18 11:42:27,XAUUSD,0,BUY (Mean Reversion),4961.7002,4932.19814,5001.03627,✅ TAKE PROFIT
2026-03-18 13:01:05,USDJPY,0,SELL (Mean Reversion),159.46899,159.76048,159.08035,✅ TAKE PROFIT
2026-03-18 13:01:05,AUDUSD,0,BUY (Mean Reversion),0.70605,0.70416,0.70855,✅ TAKE PROFIT
2026-03-18 13:01:06,USDCHF,0,SELL (Mean Reversion),0.78822,0.78969,0.78626,✅ TAKE PROFIT
2026-03-18 14:58:46,USDJPY,0,SELL (Mean Reversion),159.483,159.77593,159.09243,✅ TAKE PROFIT
2026-03-18 14:58:48,USDCHF,0,SELL (Mean Reversion),0.7888,0.79049,0.78654,✅ TAKE PROFIT
2026-03-18 14:58:49,XAUUSD,0,BUY (Mean Reversion),4870.7002,4829.95473,4925.02748,✅ TAKE PROFIT
2026-03-18 16:10:54,USDCHF,0,SELL (Mean Reversion),0.78919,0.79083,0.787,✅ TAKE PROFIT
2026-03-18 17:58:27,USDCHF,0,SELL (Mean Reversion),0.79014,0.79188,0.78783,✅ TAKE PROFIT
2026-03-18 19:05:41,EURUSD,0,BUY (Mean Reversion),1.14837,1.14599,1.15154,✅ TAKE PROFIT
2026-03-18 19:05:43,USDCHF,0,SELL (Mean Reversion),0.79191,0.79374,0.78947,✅ TAKE PROFIT
2026-03-18 20:31:12,EURUSD,0,BUY (Mean Reversion),1.14574,1.14326,1.14904,✅ TAKE PROFIT
2026-03-18 20:31:12,GBPUSD,0,BUY (Mean Reversion),1.32573,1.32268,1.3298,✅ TAKE PROFIT
2026-03-18 20:31:13,AUDUSD,0,BUY (Mean Reversion),0.70199,0.69981,0.70489,✅ TAKE PROFIT
2026-03-18 20:31:14,USDCAD,0,SELL (Mean Reversion),1.3731,1.37566,1.36969,✅ TAKE PROFIT
2026-03-18 20:31:15,USDCHF,0,SELL (Mean Reversion),0.7935,0.79538,0.79099,✅ TAKE PROFIT
2026-03-18 20:31:15,NZDUSD,0,BUY (Mean Reversion),0.57931,0.57755,0.58165,✅ TAKE PROFIT
2026-03-18 21:30:35,GBPUSD,0,BUY (Mean Reversion),1.32645,1.32343,1.33048,✅ TAKE PROFIT
2026-03-18 22:28:54,NZDUSD,0,BUY (Mean Reversion),0.5788,0.57696,0.58126,✅ TAKE PROFIT
2026-03-19 07:44:28,EURJPY,0,BUY (Mean Reversion),182.717,182.38697,183.15703,✅ TAKE PROFIT
2026-03-19 08:37:40,EURJPY,0,BUY (Mean Reversion),182.44901,182.06162,182.96552,✅ TAKE PROFIT
2026-03-19 08:37:40,GBPJPY,0,BUY (Mean Reversion),211.136,210.69818,211.71977,✅ TAKE PROFIT
2026-03-19 08:37:41,XAUUSD,0,BUY (Mean Reversion),4724.7998,4675.70309,4790.26208,✅ TAKE PROFIT
2026-03-19 10:36:01,USDCHF,0,SELL (Mean Reversion),0.79472,0.79679,0.79195,✅ TAKE PROFIT
2026-03-19 10:36:02,XAUUSD,0,BUY (Mean Reversion),4683.7998,4631.00013,4754.19937,✅ TAKE PROFIT
2026-03-19 11:32:51,USDCHF,0,SELL (Mean Reversion),0.79553,0.7977,0.79264,✅ TAKE PROFIT
2026-03-19 12:54:55,USDJPY,0,BUY (Mean Reversion),158.86501,158.53904,159.29962,✅ TAKE PROFIT
2026-03-19 15:51:00,EURGBP,0,BUY (Mean Reversion),0.86164,0.86028,0.86346,✅ TAKE PROFIT
2026-03-19 17:51:34,EURUSD,0,SELL (Mean Reversion),1.15607,1.15917,1.15193,✅ TAKE PROFIT
2026-03-19 17:51:34,GBPUSD,0,SELL (Mean Reversion),1.34015,1.34383,1.33524,✅ TAKE PROFIT
2026-03-19 17:51:35,USDJPY,0,BUY (Mean Reversion),157.83099,157.41887,158.38049,✅ TAKE PROFIT
2026-03-19 18:52:05,EURUSD,0,SELL (Mean Reversion),1.15607,1.1591,1.15202,✅ TAKE PROFIT
2026-03-19 19:43:27,EURUSD,0,SELL (Mean Reversion),1.15888,1.16228,1.15436,✅ TAKE PROFIT
2026-03-19 19:43:27,GBPUSD,0,SELL (Mean Reversion),1.34357,1.34753,1.3383,✅ TAKE PROFIT
2026-03-19 19:43:28,USDCHF,0,BUY (Mean Reversion),0.7879,0.78514,0.79157,✅ TAKE PROFIT
2026-03-19 19:43:29,NZDUSD,1,BUY (Trend),0.58775,0.58551,0.59074,✅ TAKE PROFIT
2026-03-20 12:51:11,USDCHF,0,BUY (Mean Reversion),0.78637,0.78441,0.78898,✅ TAKE PROFIT
2026-03-20 13:58:56,EURGBP,0,SELL (Mean Reversion),0.86434,0.86555,0.86272,✅ TAKE PROFIT
2026-03-20 14:49:42,GBPUSD,0,BUY (Mean Reversion),1.33181,1.32836,1.33641,✅ TAKE PROFIT
2026-03-20 14:49:44,EURGBP,0,SELL (Mean Reversion),0.86631,0.86765,0.86452,✅ TAKE PROFIT
2026-03-20 15:39:01,EURGBP,0,SELL (Mean Reversion),0.86654,0.86794,0.86467,✅ TAKE PROFIT
2026-03-20 15:39:02,XAUUSD,0,BUY (Mean Reversion),4556.7002,4490.41418,4645.08155,✅ TAKE PROFIT
2026-03-20 16:38:07,EURGBP,0,SELL (Mean Reversion),0.8677,0.86916,0.86576,✅ TAKE PROFIT
2026-03-20 16:38:08,EURJPY,0,SELL (Mean Reversion),184.078,184.43097,183.60738,✅ TAKE PROFIT
2026-03-20 19:35:05,XAUUSD,0,BUY (Mean Reversion),4489.2002,4416.95114,4585.53227,✅ TAKE PROFIT
2026-03-23 10:49:19,EURUSD,0,BUY (Mean Reversion),1.14929,1.14682,1.15259,✅ TAKE PROFIT
2026-03-23 10:49:19,GBPUSD,0,BUY (Mean Reversion),1.32633,1.32276,1.33108,✅ TAKE PROFIT
2026-03-23 10:49:20,AUDUSD,0,BUY (Mean Reversion),0.69156,0.68908,0.69486,✅ TAKE PROFIT
2026-03-23 10:49:21,USDCAD,0,SELL (Mean Reversion),1.37536,1.37803,1.3718,✅ TAKE PROFIT
2026-03-23 10:49:21,USDCHF,0,SELL (Mean Reversion),0.79358,0.79562,0.79087,✅ TAKE PROFIT
2026-03-23 10:49:21,NZDUSD,0,BUY (Mean Reversion),0.57657,0.57479,0.57893,✅ TAKE PROFIT
2026-03-23 12:57:30,EURUSD,1,BUY (Trend),1.16144,1.15729,1.16697,✅ TAKE PROFIT
2026-03-23 18:47:32,USDJPY,0,BUY (Mean Reversion),158.08299,157.56223,158.77735,✅ TAKE PROFIT
2026-03-24 16:02:54,USDCHF,0,SELL (Mean Reversion),0.79163,0.79408,0.78836,✅ TAKE PROFIT
2026-03-24 17:53:07,USDCAD,0,SELL (Mean Reversion),1.37842,1.38158,1.37421,✅ TAKE PROFIT
2026-03-24 17:53:07,NZDUSD,0,BUY (Mean Reversion),0.57964,0.57742,0.5826,✅ TAKE PROFIT
2026-03-25 01:51:17,XAUUSD,0,SELL (Mean Reversion),4586.7998,4664.21877,4483.57452,✅ TAKE PROFIT
2026-03-25 09:50:07,USDCAD,0,SELL (Mean Reversion),1.37933,1.38174,1.37612,✅ TAKE PROFIT
2026-03-25 10:43:46,USDCAD,0,SELL (Mean Reversion),1.37976,1.38212,1.37661,✅ TAKE PROFIT
2026-03-25 19:44:22,USDJPY,0,SELL (Mean Reversion),159.467,159.77592,159.05509,✅ TAKE PROFIT
2026-03-26 11:46:37,EURUSD,0,BUY (Mean Reversion),1.15367,1.15171,1.15628,✅ TAKE PROFIT
2026-03-26 11:46:38,AUDUSD,0,BUY (Mean Reversion),0.69201,0.69025,0.69435,✅ TAKE PROFIT
2026-03-26 11:46:39,USDCAD,0,SELL (Mean Reversion),1.38465,1.38681,1.38176,✅ TAKE PROFIT
2026-03-26 11:46:39,NZDUSD,0,BUY (Mean Reversion),0.57797,0.57668,0.57969,✅ TAKE PROFIT
2026-03-26 16:17:39,USDCAD,0,SELL (Mean Reversion),1.38523,1.38763,1.38203,✅ TAKE PROFIT
2026-03-26 17:58:29,USDJPY,0,SELL (Mean Reversion),159.74699,159.9837,159.43138,✅ TAKE PROFIT
2026-03-26 17:58:30,AUDUSD,0,BUY (Mean Reversion),0.6888,0.68675,0.69154,✅ TAKE PROFIT
2026-03-26 17:58:30,USDCHF,0,SELL (Mean Reversion),0.79493,0.79665,0.79263,✅ TAKE PROFIT
2026-03-26 17:58:31,NZDUSD,0,BUY (Mean Reversion),0.57604,0.57455,0.57801,✅ TAKE PROFIT
2026-03-26 19:12:52,USDJPY,0,SELL (Mean Reversion),159.806,160.02985,159.50753,✅ TAKE PROFIT
2026-03-26 19:12:53,USDCHF,0,SELL (Mean Reversion),0.79546,0.79708,0.7933,✅ TAKE PROFIT
2026-03-27 12:56:29,USDCAD,0,SELL (Mean Reversion),1.38671,1.38894,1.38373,✅ TAKE PROFIT
2026-03-27 12:56:30,GBPJPY,0,BUY (Mean Reversion),212.30901,211.96977,212.76132,✅ TAKE PROFIT
2026-03-27 15:48:57,USDCAD,0,SELL (Mean Reversion),1.38714,1.38954,1.38393,✅ TAKE PROFIT
2026-03-27 15:48:59,XAUUSD,0,SELL (Mean Reversion),4565.6001,4620.95416,4491.79468,✅ TAKE PROFIT
2026-03-27 16:49:28,USDCAD,0,SELL (Mean Reversion),1.38762,1.39008,1.38434,✅ TAKE PROFIT
2026-03-27 16:49:29,EURGBP,0,SELL (Mean Reversion),0.86733,0.86839,0.86592,✅ TAKE PROFIT
2026-03-27 17:45:45,USDJPY,0,SELL (Mean Reversion),160.342,160.64336,159.94018,✅ TAKE PROFIT
2026-03-27 17:45:46,USDCAD,0,SELL (Mean Reversion),1.38874,1.39123,1.38542,✅ TAKE PROFIT
2026-03-27 17:45:47,EURGBP,0,SELL (Mean Reversion),0.86768,0.86873,0.86627,✅ TAKE PROFIT
2026-03-27 18:50:43,NZDUSD,0,BUY (Mean Reversion),0.57438,0.57303,0.57618,✅ TAKE PROFIT
2026-03-27 19:38:39,USDCHF,0,SELL (Mean Reversion),0.79888,0.80055,0.79665,✅ TAKE PROFIT
2026-03-27 20:33:47,USDCAD,0,SELL (Mean Reversion),1.38947,1.39194,1.38617,✅ TAKE PROFIT
2026-03-30 07:21:32,EURJPY,0,BUY (Mean Reversion),183.66701,183.38685,184.04055,✅ TAKE PROFIT
2026-03-30 09:06:52,USDCAD,0,SELL (Mean Reversion),1.3917,1.39383,1.38886,✅ TAKE PROFIT
2026-03-30 10:58:31,EURJPY,0,BUY (Mean Reversion),183.356,183.05652,183.75531,✅ TAKE PROFIT
2026-03-30 14:59:49,EURUSD,0,BUY (Mean Reversion),1.14679,1.14495,1.14924,✅ TAKE PROFIT
2026-03-30 14:59:49,GBPUSD,0,BUY (Mean Reversion),1.3197,1.31691,1.32342,✅ TAKE PROFIT
2026-03-30 16:09:27,EURUSD,0,BUY (Mean Reversion),1.14548,1.14365,1.1479,✅ TAKE PROFIT
2026-03-31 06:14:28,USDCAD,0,SELL (Mean Reversion),1.39349,1.3955,1.39081,✅ TAKE PROFIT
2026-03-31 10:02:05,USDCAD,0,SELL (Mean Reversion),1.39432,1.39618,1.39183,✅ TAKE PROFIT
2026-03-31 14:57:26,USDCAD,0,SELL (Mean Reversion),1.39632,1.39872,1.39312,✅ TAKE PROFIT
2026-03-31 14:57:26,USDCHF,0,SELL (Mean Reversion),0.80297,0.80485,0.80046,✅ TAKE PROFIT
2026-03-31 16:06:01,EURGBP,0,SELL (Mean Reversion),0.87349,0.87511,0.87134,✅ TAKE PROFIT
2026-03-31 16:06:02,GBPJPY,0,BUY (Mean Reversion),209.813,209.29436,210.50452,✅ TAKE PROFIT
2026-03-31 17:53:29,EURUSD,0,SELL (Mean Reversion),1.15567,1.15826,1.15222,✅ TAKE PROFIT
2026-03-31 17:53:30,USDJPY,0,BUY (Mean Reversion),158.86,158.51552,159.31931,✅ TAKE PROFIT
2026-03-31 19:53:35,XAUUSD,0,SELL (Mean Reversion),4707.5,4755.14562,4643.9725,✅ TAKE PROFIT
2026-04-01 07:14:48,USDJPY,0,BUY (Mean Reversion),158.308,157.95388,158.78016,✅ TAKE PROFIT
2026-04-01 11:49:38,GBPUSD,0,SELL (Mean Reversion),1.33172,1.33493,1.32743,✅ TAKE PROFIT
2026-04-01 16:10:34,XAUUSD,0,SELL (Mean Reversion),4814.7998,4858.98269,4755.88929,✅ TAKE PROFIT
2026-04-02 04:27:43,AUDUSD,0,BUY (Mean Reversion),0.68778,0.68563,0.69064,✅ TAKE PROFIT
2026-04-02 04:27:45,NZDUSD,0,BUY (Mean Reversion),0.57133,0.56968,0.57353,✅ TAKE PROFIT
2026-04-02 09:57:26,EURGBP,0,SELL (Mean Reversion),0.87308,0.8742,0.87159,✅ TAKE PROFIT
2026-04-03 12:54:59,USDCAD,0,SELL (Mean Reversion),1.3936,1.39533,1.39129,✅ TAKE PROFIT
2026-04-03 14:00:27,USDCAD,0,SELL (Mean Reversion),1.39374,1.39537,1.39157,✅ TAKE PROFIT
2026-04-03 14:54:50,USDCAD,0,SELL (Mean Reversion),1.39458,1.39639,1.39217,✅ TAKE PROFIT
2026-04-03 15:36:18,GBPUSD,0,BUY (Mean Reversion),1.32039,1.31867,1.32269,✅ TAKE PROFIT
2026-04-03 15:36:19,USDCAD,0,SELL (Mean Reversion),1.39447,1.39625,1.39209,✅ TAKE PROFIT
2026-04-03 15:36:20,GBPJPY,0,BUY (Mean Reversion),210.653,210.32026,211.09665,✅ TAKE PROFIT
2026-04-03 16:35:30,GBPUSD,0,BUY (Mean Reversion),1.3199,1.3182,1.32217,✅ TAKE PROFIT
2026-04-03 16:35:31,USDCAD,0,SELL (Mean Reversion),1.39439,1.39615,1.39204,✅ TAKE PROFIT
2026-04-03 16:35:32,GBPJPY,0,BUY (Mean Reversion),210.59,210.26272,211.02636,✅ TAKE PROFIT
2026-04-03 17:30:44,EURUSD,0,BUY (Mean Reversion),1.15221,1.15096,1.15387,✅ TAKE PROFIT
2026-04-03 17:30:46,USDCHF,0,SELL (Mean Reversion),0.80075,0.80225,0.79875,✅ TAKE PROFIT
2026-04-06 09:04:09,GBPUSD,0,SELL (Mean Reversion),1.32513,1.32696,1.32269,✅ TAKE PROFIT
2026-04-06 09:04:10,AUDUSD,0,SELL (Mean Reversion),0.6932,0.69437,0.69164,✅ TAKE PROFIT
2026-04-06 09:04:10,USDCAD,0,BUY (Mean Reversion),1.3916,1.38986,1.39392,✅ TAKE PROFIT
2026-04-06 09:04:11,NZDUSD,0,SELL (Mean Reversion),0.57251,0.57354,0.57114,✅ TAKE PROFIT
2026-04-06 09:04:12,XAUUSD,1,BUY (Trend),4719.7002,4669.04741,4787.23724,✅ TAKE PROFIT
2026-04-06 16:41:18,NZDUSD,1,BUY (Trend),0.57189,0.57084,0.57328,✅ TAKE PROFIT
2026-04-06 17:40:43,NZDUSD,1,BUY (Trend),0.57162,0.57055,0.57305,✅ TAKE PROFIT
2026-04-07 01:59:33,NZDUSD,0,BUY (Mean Reversion),0.56944,0.5684,0.57083,✅ TAKE PROFIT
2026-04-07 08:10:15,EURJPY,0,SELL (Mean Reversion),184.55701,184.77353,184.26831,✅ TAKE PROFIT
2026-04-07 10:05:01,AUDUSD,0,SELL (Mean Reversion),0.69413,0.69543,0.69239,✅ TAKE PROFIT
2026-04-07 11:50:37,EURJPY,0,SELL (Mean Reversion),184.709,184.9356,184.40686,✅ TAKE PROFIT
2026-04-07 15:04:14,EURJPY,0,SELL (Mean Reversion),185.129,185.36293,184.81708,✅ TAKE PROFIT
2026-04-07 19:58:26,EURUSD,0,SELL (Mean Reversion),1.15996,1.16182,1.15748,✅ TAKE PROFIT
2026-04-07 19:58:27,GBPUSD,0,SELL (Mean Reversion),1.32889,1.33155,1.32535,✅ TAKE PROFIT
2026-04-07 19:58:28,USDCAD,0,BUY (Mean Reversion),1.3891,1.38677,1.3922,✅ TAKE PROFIT
2026-04-07 19:58:29,XAUUSD,1,BUY (Trend),4741.7002,4694.16746,4805.07718,✅ TAKE PROFIT
2026-04-07 20:52:52,GBPUSD,0,SELL (Mean Reversion),1.32935,1.33195,1.32587,✅ TAKE PROFIT
2026-04-07 20:52:53,AUDUSD,0,SELL (Mean Reversion),0.69749,0.69921,0.69518,✅ TAKE PROFIT
2026-04-07 20:52:54,USDCAD,0,BUY (Mean Reversion),1.3887,1.3864,1.39177,✅ TAKE PROFIT
2026-04-07 20:52:55,GBPJPY,0,SELL (Mean Reversion),212.291,212.61486,211.85918,✅ TAKE PROFIT
2026-04-07 22:34:30,USDCAD,0,BUY (Mean Reversion),1.38777,1.38538,1.39096,✅ TAKE PROFIT
2026-04-07 23:33:35,USDCAD,0,BUY (Mean Reversion),1.3846,1.38205,1.38799,✅ TAKE PROFIT
2026-04-07 23:33:36,GBPJPY,0,SELL (Mean Reversion),212.53999,212.91215,212.04378,✅ TAKE PROFIT
2026-04-07 23:33:37,XAUUSD,0,SELL (Mean Reversion),4851.1001,4905.72626,4778.26522,✅ TAKE PROFIT
2026-04-08 02:00:32,AUDUSD,0,SELL (Mean Reversion),0.7064,0.70915,0.70274,✅ TAKE PROFIT
2026-04-08 02:00:33,USDCHF,0,BUY (Mean Reversion),0.79005,0.78763,0.79327,✅ TAKE PROFIT
2026-04-08 02:00:34,NZDUSD,0,SELL (Mean Reversion),0.57971,0.58204,0.57661,✅ TAKE PROFIT
2026-04-08 11:51:55,GBPJPY,0,SELL (Mean Reversion),213.092,213.51255,212.53125,✅ TAKE PROFIT
2026-04-09 08:18:03,EURJPY,0,SELL (Mean Reversion),185.479,185.71813,185.16017,✅ TAKE PROFIT
2026-04-09 10:09:26,EURJPY,0,SELL (Mean Reversion),185.65199,185.88732,185.33823,✅ TAKE PROFIT
2026-04-09 10:09:26,GBPJPY,0,SELL (Mean Reversion),213.14999,213.46489,212.73013,✅ TAKE PROFIT
2026-04-09 11:52:27,GBPJPY,0,SELL (Mean Reversion),213.295,213.62141,212.85978,✅ TAKE PROFIT
2026-04-09 13:16:45,USDCAD,0,BUY (Mean Reversion),1.38248,1.38014,1.3856,✅ TAKE PROFIT
2026-04-09 15:18:58,USDCAD,0,BUY (Mean Reversion),1.3822,1.37968,1.38556,✅ TAKE PROFIT
2026-04-09 15:18:59,NZDUSD,0,SELL (Mean Reversion),0.58521,0.58657,0.58338,✅ TAKE PROFIT
2026-04-09 17:02:42,EURUSD,0,SELL (Mean Reversion),1.17137,1.1732,1.16893,✅ TAKE PROFIT
2026-04-09 17:02:42,GBPUSD,0,SELL (Mean Reversion),1.34457,1.34724,1.34101,✅ TAKE PROFIT
2026-04-09 17:02:43,AUDUSD,0,SELL (Mean Reversion),0.70858,0.71035,0.70622,✅ TAKE PROFIT
2026-04-09 17:02:44,NZDUSD,0,SELL (Mean Reversion),0.58689,0.5883,0.58501,✅ TAKE PROFIT
2026-04-10 10:49:33,EURJPY,0,SELL (Mean Reversion),186.528,186.76338,186.21416,✅ TAKE PROFIT
2026-04-10 10:49:34,GBPJPY,0,SELL (Mean Reversion),213.97701,214.24634,213.61789,✅ TAKE PROFIT
2026-04-10 11:43:43,EURJPY,0,SELL (Mean Reversion),186.47099,186.69995,186.16572,✅ TAKE PROFIT
2026-04-10 11:43:43,GBPJPY,0,SELL (Mean Reversion),213.97501,214.24534,213.61456,✅ TAKE PROFIT
2026-04-10 13:00:03,GBPUSD,0,SELL (Mean Reversion),1.34578,1.34781,1.34306,✅ TAKE PROFIT
2026-04-10 13:00:05,GBPJPY,0,SELL (Mean Reversion),214.194,214.45203,213.84996,✅ TAKE PROFIT
2026-04-10 14:19:21,EURUSD,0,SELL (Mean Reversion),1.17385,1.17551,1.17163,✅ TAKE PROFIT
2026-04-10 14:19:24,GBPUSD,0,SELL (Mean Reversion),1.34725,1.34934,1.34446,✅ TAKE PROFIT
2026-04-10 14:19:25,USDCHF,0,BUY (Mean Reversion),0.78599,0.78417,0.78842,✅ TAKE PROFIT
2026-04-10 14:19:26,EURJPY,0,SELL (Mean Reversion),186.737,186.98978,186.39996,✅ TAKE PROFIT
2026-04-10 14:19:26,GBPJPY,0,SELL (Mean Reversion),214.39,214.67686,214.00751,✅ TAKE PROFIT
2026-04-10 15:47:01,GBPJPY,0,SELL (Mean Reversion),214.32401,214.63245,213.91275,✅ TAKE PROFIT
2026-04-13 15:13:10,USDCAD,0,BUY (Mean Reversion),1.38109,1.37873,1.38423,✅ TAKE PROFIT
2026-04-13 15:13:12,EURJPY,0,SELL (Mean Reversion),186.924,187.16578,186.60162,✅ TAKE PROFIT
2026-04-13 16:59:25,USDCAD,0,BUY (Mean Reversion),1.37974,1.37727,1.38304,✅ TAKE PROFIT
2026-04-13 16:59:28,USDCHF,0,BUY (Mean Reversion),0.7858,0.78383,0.78842,✅ TAKE PROFIT
2026-04-13 16:59:29,EURJPY,0,SELL (Mean Reversion),187.019,187.26959,186.68488,✅ TAKE PROFIT
2026-04-13 18:07:39,USDCHF,0,BUY (Mean Reversion),0.78491,0.78303,0.78741,✅ TAKE PROFIT
2026-04-13 20:02:53,EURJPY,0,SELL (Mean Reversion),187.457,187.71583,187.1119,✅ TAKE PROFIT
2026-04-14 10:58:55,GBPUSD,0,SELL (Mean Reversion),1.35626,1.3582,1.35367,✅ TAKE PROFIT
2026-04-14 10:58:56,USDCAD,0,BUY (Mean Reversion),1.37545,1.37354,1.378,✅ TAKE PROFIT
2026-04-14 11:59:56,EURUSD,0,SELL (Mean Reversion),1.18078,1.18237,1.17865,✅ TAKE PROFIT
2026-04-14 11:59:56,GBPUSD,0,SELL (Mean Reversion),1.3577,1.3597,1.35504,✅ TAKE PROFIT
2026-04-14 11:59:57,USDJPY,0,BUY (Mean Reversion),158.784,158.53288,159.11882,✅ TAKE PROFIT
2026-04-14 11:59:58,USDCAD,0,BUY (Mean Reversion),1.3749,1.37296,1.37749,✅ TAKE PROFIT
2026-04-14 12:00:01,GBPJPY,0,SELL (Mean Reversion),215.49001,215.80717,215.06712,✅ TAKE PROFIT
2026-04-14 16:04:38,XAUUSD,0,SELL (Mean Reversion),4836.2002,4868.98374,4792.48881,✅ TAKE PROFIT
2026-04-14 18:00:06,XAUUSD,0,SELL (Mean Reversion),4862.3999,4895.88829,4817.74871,✅ TAKE PROFIT
2026-04-14 19:27:08,XAUUSD,0,SELL (Mean Reversion),4864.7002,4895.57892,4823.52856,✅ TAKE PROFIT
2026-04-15 05:19:36,AUDUSD,0,SELL (Mean Reversion),0.71415,0.71521,0.71274,✅ TAKE PROFIT
2026-04-15 15:02:29,AUDUSD,0,SELL (Mean Reversion),0.71567,0.71688,0.71405,✅ TAKE PROFIT
2026-04-15 16:58:23,AUDUSD,0,SELL (Mean Reversion),0.71658,0.7179,0.71483,✅ TAKE PROFIT
2026-04-15 16:58:23,USDCAD,0,BUY (Mean Reversion),1.37342,1.37115,1.37645,✅ TAKE PROFIT
2026-04-15 16:58:24,NZDUSD,0,SELL (Mean Reversion),0.5914,0.59253,0.5899,✅ TAKE PROFIT
2026-04-15 18:07:15,USDCAD,0,BUY (Mean Reversion),1.37285,1.37066,1.37577,✅ TAKE PROFIT
2026-04-16 10:58:39,USDCHF,0,SELL (Mean Reversion),0.78388,0.78533,0.78195,✅ TAKE PROFIT
2026-04-16 10:58:42,NZDUSD,0,BUY (Mean Reversion),0.5891,0.588,0.59056,✅ TAKE PROFIT
2026-04-16 16:19:00,USDCAD,0,BUY (Mean Reversion),1.37016,1.368,1.37304,✅ TAKE PROFIT
2026-04-16 18:04:57,GBPUSD,1,SELL (Trend),1.35293,1.35493,1.35025,✅ TAKE PROFIT
2026-04-16 18:04:58,NZDUSD,1,SELL (Trend),0.58879,0.58988,0.58734,✅ TAKE PROFIT
2026-04-16 20:53:12,XAUUSD,1,SELL (Trend),4809.8999,4835.36809,4775.94232,✅ TAKE PROFIT
2026-04-16 21:39:21,XAUUSD,1,SELL (Trend),4810.8999,4836.50735,4776.75663,✅ TAKE PROFIT
2026-04-17 05:24:09,EURJPY,0,SELL (Mean Reversion),187.92,188.12333,187.6489,✅ TAKE PROFIT
2026-04-17 13:09:06,EURUSD,0,SELL (Mean Reversion),1.18511,1.18666,1.18305,✅ TAKE PROFIT
2026-04-17 13:09:07,GBPUSD,0,SELL (Mean Reversion),1.35974,1.362,1.35672,✅ TAKE PROFIT
2026-04-17 13:09:08,USDJPY,0,BUY (Mean Reversion),158.172,157.86721,158.57838,✅ TAKE PROFIT
2026-04-17 13:09:09,AUDUSD,0,SELL (Mean Reversion),0.72178,0.72321,0.71987,✅ TAKE PROFIT
2026-04-17 13:09:09,USDCAD,0,BUY (Mean Reversion),1.36562,1.36364,1.36826,✅ TAKE PROFIT
2026-04-17 13:09:10,USDCHF,0,BUY (Mean Reversion),0.77785,0.77634,0.77987,✅ TAKE PROFIT
2026-04-17 13:09:11,NZDUSD,0,SELL (Mean Reversion),0.5927,0.59391,0.59108,✅ TAKE PROFIT
2026-04-17 14:52:37,USDJPY,0,BUY (Mean Reversion),157.73801,157.37435,158.22288,✅ TAKE PROFIT
2026-04-17 14:52:38,USDCHF,0,BUY (Mean Reversion),0.77839,0.77677,0.78055,✅ TAKE PROFIT
2026-04-17 14:52:39,GBPJPY,0,BUY (Mean Reversion),214.09599,213.69068,214.63641,✅ TAKE PROFIT
2026-04-17 15:56:29,EURJPY,0,BUY (Mean Reversion),186.608,186.25707,187.07591,✅ TAKE PROFIT
2026-04-17 15:56:30,GBPJPY,0,BUY (Mean Reversion),214.317,213.89986,214.87319,✅ TAKE PROFIT
2026-04-17 16:53:42,EURJPY,0,BUY (Mean Reversion),186.457,186.11292,186.91577,✅ TAKE PROFIT
2026-04-17 16:53:43,GBPJPY,0,BUY (Mean Reversion),214.22099,213.80654,214.7736,✅ TAKE PROFIT
2026-04-20 12:00:49,XAUUSD,1,BUY (Trend),4879.6001,4827.45627,4949.1252,❌ STOP LOSS
2026-04-20 14:44:56,USDCAD,0,BUY (Mean Reversion),1.36652,1.36424,1.36956,✅ TAKE PROFIT
2026-04-20 16:04:20,USDCAD,0,BUY (Mean Reversion),1.36488,1.36251,1.36803,✅ TAKE PROFIT
2026-04-20 17:54:22,USDCAD,0,BUY (Mean Reversion),1.36429,1.36193,1.36744,✅ TAKE PROFIT
2026-04-21 15:08:36,GBPJPY,0,SELL (Mean Reversion),215.285,215.56984,214.90522,✅ TAKE PROFIT
2026-04-21 16:55:42,EURUSD,0,BUY (Mean Reversion),1.1744,1.17283,1.17649,✅ TAKE PROFIT
2026-04-21 16:55:43,USDJPY,0,SELL (Mean Reversion),159.46201,159.72603,159.10997,✅ TAKE PROFIT
2026-04-21 16:55:45,XAUUSD,0,BUY (Mean Reversion),4740.5,4702.07691,4791.73078,✅ TAKE PROFIT
2026-04-21 17:57:47,XAUUSD,0,BUY (Mean Reversion),4731.7998,4692.36141,4784.38434,✅ TAKE PROFIT
2026-04-22 09:15:45,GBPJPY,0,SELL (Mean Reversion),215.62601,215.90958,215.24791,✅ TAKE PROFIT
2026-04-22 16:54:38,EURUSD,0,BUY (Mean Reversion),1.17178,1.16994,1.17424,✅ TAKE PROFIT
2026-04-22 16:54:40,USDCHF,0,SELL (Mean Reversion),0.78363,0.78529,0.78141,✅ TAKE PROFIT
2026-04-23 11:03:51,EURUSD,0,BUY (Mean Reversion),1.1685,1.1671,1.17036,✅ TAKE PROFIT
2026-04-23 17:15:23,USDCAD,0,SELL (Mean Reversion),1.37061,1.37295,1.36749,✅ TAKE PROFIT
2026-04-23 20:47:17,NZDUSD,0,BUY (Mean Reversion),0.58562,0.58406,0.58769,✅ TAKE PROFIT
2026-04-24 16:51:01,GBPUSD,0,SELL (Mean Reversion),1.35197,1.35402,1.34925,✅ TAKE PROFIT
2026-04-24 18:42:40,USDCAD,0,BUY (Mean Reversion),1.366,1.36381,1.36892,✅ TAKE PROFIT
2026-04-24 19:48:36,GBPJPY,0,SELL (Mean Reversion),215.689,215.97266,215.31077,✅ TAKE PROFIT
2026-04-27 02:24:55,AUDUSD,0,SELL (Mean Reversion),0.7171,0.71835,0.71544,✅ TAKE PROFIT
2026-04-27 08:14:03,EURUSD,0,SELL (Mean Reversion),1.17495,1.17633,1.17311,✅ TAKE PROFIT
2026-04-27 08:14:05,USDCAD,0,BUY (Mean Reversion),1.36262,1.36063,1.36527,✅ TAKE PROFIT
2026-04-27 08:14:05,NZDUSD,0,SELL (Mean Reversion),0.59046,0.59154,0.58901,✅ TAKE PROFIT
2026-04-27 10:59:21,USDCAD,0,BUY (Mean Reversion),1.36082,1.35874,1.36359,✅ TAKE PROFIT
2026-04-27 10:59:22,NZDUSD,0,SELL (Mean Reversion),0.59144,0.59256,0.58993,✅ TAKE PROFIT
2026-04-27 12:21:49,GBPUSD,0,SELL (Mean Reversion),1.35729,1.35901,1.35501,✅ TAKE PROFIT
2026-04-27 12:21:51,NZDUSD,0,SELL (Mean Reversion),0.59214,0.59326,0.59064,✅ TAKE PROFIT
2026-04-27 12:21:52,GBPJPY,0,SELL (Mean Reversion),215.96001,216.20593,215.63211,✅ TAKE PROFIT
2026-04-28 05:55:15,USDCHF,0,SELL (Mean Reversion),0.78731,0.78859,0.78561,✅ TAKE PROFIT
2026-04-28 05:55:17,EURJPY,0,BUY (Mean Reversion),186.295,186.0594,186.60913,✅ TAKE PROFIT
2026-04-28 05:55:17,GBPJPY,0,BUY (Mean Reversion),215.16901,214.89851,215.52967,✅ TAKE PROFIT
2026-04-28 08:17:35,XAUUSD,0,BUY (Mean Reversion),4633.2002,4609.13256,4665.29038,✅ TAKE PROFIT
2026-04-28 11:01:13,GBPUSD,0,BUY (Mean Reversion),1.34853,1.34699,1.35058,✅ TAKE PROFIT
2026-04-28 11:01:14,NZDUSD,0,BUY (Mean Reversion),0.5881,0.58699,0.58957,✅ TAKE PROFIT
2026-04-29 15:08:33,USDJPY,0,SELL (Mean Reversion),160.14799,160.35057,159.8779,✅ TAKE PROFIT
2026-04-29 15:08:34,EURJPY,0,SELL (Mean Reversion),187.276,187.56597,186.88938,✅ TAKE PROFIT
2026-04-30 10:51:14,USDCHF,0,BUY (Mean Reversion),0.78627,0.78431,0.78888,✅ TAKE PROFIT
2026-04-30 10:51:16,EURJPY,1,SELL (Trend),184.436,185.07263,183.58716,✅ TAKE PROFIT
2026-04-30 12:12:09,USDCHF,0,BUY (Mean Reversion),0.78514,0.78317,0.78777,✅ TAKE PROFIT
2026-04-30 12:12:10,EURJPY,0,BUY (Mean Reversion),182.998,182.16797,184.10471,✅ TAKE PROFIT
2026-04-30 12:12:10,GBPJPY,0,BUY (Mean Reversion),211.20599,210.25181,212.47824,✅ TAKE PROFIT
2026-04-30 15:05:24,GBPUSD,0,SELL (Mean Reversion),1.35831,1.36127,1.35436,✅ TAKE PROFIT
2026-04-30 15:05:25,AUDUSD,0,SELL (Mean Reversion),0.71875,0.72057,0.71633,✅ TAKE PROFIT
2026-04-30 15:05:26,USDCAD,0,BUY (Mean Reversion),1.36156,1.35882,1.36521,✅ TAKE PROFIT
2026-04-30 15:05:27,EURGBP,0,BUY (Mean Reversion),0.86337,0.86226,0.86485,✅ TAKE PROFIT
2026-04-30 19:13:26,EURGBP,0,BUY (Mean Reversion),0.8625,0.86145,0.86391,✅ TAKE PROFIT
2026-05-01 13:12:35,EURUSD,0,SELL (Mean Reversion),1.17633,1.17799,1.17412,✅ TAKE PROFIT
2026-05-01 13:12:35,GBPUSD,0,SELL (Mean Reversion),1.36327,1.36547,1.36033,✅ TAKE PROFIT
2026-05-01 13:12:36,USDCAD,0,BUY (Mean Reversion),1.35588,1.35374,1.35873,✅ TAKE PROFIT
2026-05-01 14:51:27,EURUSD,0,SELL (Mean Reversion),1.17716,1.17908,1.17461,✅ TAKE PROFIT
2026-05-01 14:51:28,AUDUSD,0,SELL (Mean Reversion),0.72181,0.72321,0.71995,✅ TAKE PROFIT
2026-05-01 14:51:29,USDCHF,0,BUY (Mean Reversion),0.77941,0.77731,0.78221,✅ TAKE PROFIT
2026-05-01 14:51:29,NZDUSD,0,SELL (Mean Reversion),0.59172,0.59293,0.59009,✅ TAKE PROFIT
2026-05-04 15:58:17,AUDUSD,0,BUY (Mean Reversion),0.7169,0.7153,0.71902,✅ TAKE PROFIT
2026-05-04 15:58:20,XAUUSD,0,BUY (Mean Reversion),4539.5,4504.16739,4586.61014,✅ TAKE PROFIT
2026-05-05 05:39:00,AUDUSD,0,BUY (Mean Reversion),0.71413,0.71273,0.71601,✅ TAKE PROFIT
2026-05-05 10:42:21,USDJPY,0,SELL (Mean Reversion),157.569,157.89729,157.13128,✅ TAKE PROFIT
2026-05-05 10:42:22,GBPJPY,0,SELL (Mean Reversion),213.433,213.86659,212.85488,✅ TAKE PROFIT
2026-05-05 11:57:47,USDJPY,0,SELL (Mean Reversion),157.758,158.08725,157.31899,✅ TAKE PROFIT
2026-05-05 11:57:49,EURJPY,0,SELL (Mean Reversion),184.409,184.76333,183.93655,✅ TAKE PROFIT
2026-05-05 11:57:49,GBPJPY,0,SELL (Mean Reversion),213.61501,214.0405,213.04768,✅ TAKE PROFIT
2026-05-05 15:53:25,GBPUSD,0,SELL (Mean Reversion),1.35753,1.35952,1.35488,✅ TAKE PROFIT
2026-05-05 15:53:25,AUDUSD,0,SELL (Mean Reversion),0.71984,0.72137,0.7178,✅ TAKE PROFIT
2026-05-05 15:53:26,NZDUSD,0,SELL (Mean Reversion),0.59042,0.59174,0.58867,✅ TAKE PROFIT
2026-05-05 15:53:27,GBPJPY,0,SELL (Mean Reversion),214.039,214.45398,213.4857,✅ TAKE PROFIT
2026-05-06 02:27:29,AUDUSD,0,SELL (Mean Reversion),0.72333,0.72475,0.72144,✅ TAKE PROFIT
2026-05-06 02:27:30,NZDUSD,0,SELL (Mean Reversion),0.59273,0.5941,0.59091,✅ TAKE PROFIT
2026-05-06 05:53:19,USDJPY,0,BUY (Mean Reversion),156.319,155.73568,157.09676,✅ TAKE PROFIT
2026-05-06 05:53:19,USDCAD,0,BUY (Mean Reversion),1.3586,1.35645,1.36146,✅ TAKE PROFIT
2026-05-06 05:53:20,NZDUSD,0,SELL (Mean Reversion),0.59495,0.59642,0.593,✅ TAKE PROFIT
2026-05-06 05:53:21,EURJPY,0,BUY (Mean Reversion),183.39101,182.79216,184.18947,✅ TAKE PROFIT
2026-05-06 05:53:22,GBPJPY,0,BUY (Mean Reversion),212.356,211.64606,213.3026,✅ TAKE PROFIT
2026-05-06 11:02:28,EURUSD,0,SELL (Mean Reversion),1.17925,1.18122,1.17661,✅ TAKE PROFIT
2026-05-07 08:34:40,EURUSD,0,SELL (Mean Reversion),1.17744,1.17896,1.17542,✅ TAKE PROFIT
2026-05-07 08:34:41,AUDUSD,0,SELL (Mean Reversion),0.72653,0.72788,0.72474,✅ TAKE PROFIT
2026-05-07 08:34:41,USDCHF,0,BUY (Mean Reversion),0.77736,0.77587,0.77934,✅ TAKE PROFIT
2026-05-07 08:34:42,NZDUSD,0,SELL (Mean Reversion),0.59798,0.59923,0.59631,✅ TAKE PROFIT
2026-05-07 08:34:43,XAUUSD,0,SELL (Mean Reversion),4748.7002,4778.02723,4709.59748,✅ TAKE PROFIT
2026-05-07 20:10:42,USDCAD,0,SELL (Mean Reversion),1.36516,1.3675,1.36205,✅ TAKE PROFIT
2026-05-07 21:53:26,GBPUSD,0,BUY (Mean Reversion),1.35523,1.35307,1.35812,✅ TAKE PROFIT
2026-05-07 21:53:27,AUDUSD,0,BUY (Mean Reversion),0.72103,0.71935,0.72327,✅ TAKE PROFIT
2026-05-07 21:53:27,USDCAD,0,SELL (Mean Reversion),1.36602,1.36843,1.36281,✅ TAKE PROFIT
2026-05-07 22:57:39,USDCAD,0,SELL (Mean Reversion),1.36625,1.36858,1.36314,✅ TAKE PROFIT
2026-05-07 23:53:56,AUDUSD,0,BUY (Mean Reversion),0.72114,0.71959,0.7232,✅ TAKE PROFIT
2026-05-08 09:13:38,GBPJPY,0,SELL (Mean Reversion),213.32201,213.64412,212.89253,✅ TAKE PROFIT
2026-05-08 13:22:11,USDCAD,0,SELL (Mean Reversion),1.3701,1.37249,1.36692,✅ TAKE PROFIT
2026-05-11 02:42:23,USDJPY,0,SELL (Mean Reversion),157.123,157.37317,156.78945,✅ TAKE PROFIT
2026-05-11 13:44:19,AUDUSD,0,SELL (Mean Reversion),0.72574,0.72688,0.72423,✅ TAKE PROFIT
2026-05-11 13:44:20,GBPJPY,0,SELL (Mean Reversion),213.993,214.29848,213.58569,✅ TAKE PROFIT
2026-05-11 16:28:55,GBPJPY,0,SELL (Mean Reversion),214.31,214.61477,213.90363,✅ TAKE PROFIT
2026-05-13 06:44:11,EURUSD,0,BUY (Mean Reversion),1.17275,1.17165,1.17421,✅ TAKE PROFIT
2026-05-13 09:40:47,EURUSD,0,BUY (Mean Reversion),1.17027,1.16904,1.17192,✅ TAKE PROFIT
2026-05-13 09:40:48,USDJPY,0,SELL (Mean Reversion),157.88499,158.08424,157.61933,✅ TAKE PROFIT
2026-05-13 09:40:49,USDCHF,0,SELL (Mean Reversion),0.78254,0.78377,0.78091,✅ TAKE PROFIT
2026-05-13 09:40:49,NZDUSD,0,BUY (Mean Reversion),0.59266,0.59154,0.59416,✅ TAKE PROFIT
2026-05-13 09:40:50,EURJPY,0,BUY (Mean Reversion),184.71001,184.48983,185.00358,✅ TAKE PROFIT
2026-05-13 12:00:06,GBPUSD,0,BUY (Mean Reversion),1.35035,1.34821,1.35319,✅ TAKE PROFIT
2026-05-14 13:58:40,EURUSD,0,BUY (Mean Reversion),1.16945,1.16832,1.17097,✅ TAKE PROFIT
2026-05-14 13:58:43,EURJPY,0,BUY (Mean Reversion),184.558,184.27197,184.93937,✅ TAKE PROFIT
2026-05-14 16:11:07,EURUSD,0,BUY (Mean Reversion),1.16781,1.1666,1.16943,✅ TAKE PROFIT
2026-05-14 16:11:08,GBPUSD,0,BUY (Mean Reversion),1.3466,1.34463,1.34923,✅ TAKE PROFIT
2026-05-14 18:51:22,GBPUSD,0,BUY (Mean Reversion),1.3405,1.33801,1.34382,✅ TAKE PROFIT
2026-05-14 18:51:24,EURGBP,0,SELL (Mean Reversion),0.87103,0.87237,0.86925,✅ TAKE PROFIT
2026-05-14 18:51:25,GBPJPY,0,BUY (Mean Reversion),212.02699,211.55647,212.65436,✅ TAKE PROFIT
2026-05-14 20:25:33,USDJPY,0,SELL (Mean Reversion),158.383,158.64146,158.03837,✅ TAKE PROFIT
2026-05-14 20:25:35,USDCHF,0,SELL (Mean Reversion),0.78397,0.785,0.7826,✅ TAKE PROFIT
2026-05-15 02:43:06,AUDUSD,0,BUY (Mean Reversion),0.71937,0.71813,0.72102,✅ TAKE PROFIT
2026-05-15 02:43:10,XAUUSD,0,BUY (Mean Reversion),4614.8999,4585.7106,4653.81897,✅ TAKE PROFIT
2026-05-15 06:30:11,AUDUSD,0,BUY (Mean Reversion),0.71649,0.71506,0.71838,✅ TAKE PROFIT
2026-05-15 06:30:14,XAUUSD,0,BUY (Mean Reversion),4578.2002,4544.9936,4622.47566,✅ TAKE PROFIT
2026-05-15 09:43:21,EURJPY,0,BUY (Mean Reversion),184.27,183.99634,184.63489,✅ TAKE PROFIT
2026-05-15 16:02:06,EURGBP,0,SELL (Mean Reversion),0.8722,0.87346,0.87052,✅ TAKE PROFIT
2026-05-18 00:36:08,AUDUSD,0,BUY (Mean Reversion),0.71261,0.71098,0.71477,✅ TAKE PROFIT
2026-05-19 11:58:27,EURGBP,0,BUY (Mean Reversion),0.86664,0.8656,0.86802,✅ TAKE PROFIT
2026-05-19 15:31:10,EURUSD,0,BUY (Mean Reversion),1.15982,1.1583,1.16185,✅ TAKE PROFIT
2026-05-19 15:31:14,EURGBP,0,BUY (Mean Reversion),0.86565,0.86462,0.86703,✅ TAKE PROFIT
2026-05-19 15:31:15,EURJPY,0,BUY (Mean Reversion),184.547,184.26122,184.92803,✅ TAKE PROFIT
2026-05-20 08:22:11,EURUSD,0,BUY (Mean Reversion),1.15875,1.15739,1.16056,✅ TAKE PROFIT
2026-05-20 14:52:37,GBPUSD,0,SELL (Mean Reversion),1.34324,1.34558,1.34011,✅ TAKE PROFIT
2026-05-20 14:52:38,AUDUSD,0,SELL (Mean Reversion),0.71515,0.71681,0.71294,✅ TAKE PROFIT
2026-05-20 14:52:39,NZDUSD,0,SELL (Mean Reversion),0.58661,0.58806,0.58469,✅ TAKE PROFIT
2026-05-20 17:52:00,GBPJPY,0,SELL (Mean Reversion),213.565,213.90288,213.11449,✅ TAKE PROFIT
2026-05-21 09:31:58,GBPJPY,0,SELL (Mean Reversion),213.672,213.96452,213.28197,✅ TAKE PROFIT
2026-05-22 13:28:17,GBPJPY,0,SELL (Mean Reversion),213.88,214.16472,213.50038,✅ TAKE PROFIT
2026-05-22 16:20:53,GBPJPY,0,SELL (Mean Reversion),213.91701,214.21095,213.52508,✅ TAKE PROFIT
2026-05-22 18:51:11,USDCHF,0,BUY (Mean Reversion),0.78423,0.78269,0.78628,✅ TAKE PROFIT
2026-05-25 02:56:28,USDJPY,0,BUY (Mean Reversion),158.84599,158.66532,159.08689,✅ TAKE PROFIT
2026-05-25 02:56:28,AUDUSD,0,SELL (Mean Reversion),0.71679,0.71824,0.71486,✅ TAKE PROFIT
2026-05-26 08:35:45,USDJPY,0,SELL (Mean Reversion),159.22301,159.33947,159.06773,✅ TAKE PROFIT
2026-05-26 08:35:46,EURJPY,0,SELL (Mean Reversion),185.328,185.51192,185.08279,✅ TAKE PROFIT
2026-05-27 07:01:10,EURJPY,0,SELL (Mean Reversion),185.60899,185.77537,185.38716,✅ TAKE PROFIT
2026-05-27 11:33:45,GBPUSD,0,BUY (Mean Reversion),1.34354,1.34227,1.34525,✅ TAKE PROFIT
2026-05-27 11:33:45,AUDUSD,0,BUY (Mean Reversion),0.71327,0.71214,0.71477,✅ TAKE PROFIT
2026-05-27 11:33:46,USDCAD,0,SELL (Mean Reversion),1.3837,1.38554,1.38124,✅ TAKE PROFIT
2026-05-28 03:39:09,EURUSD,0,BUY (Mean Reversion),1.15982,1.15822,1.16196,✅ TAKE PROFIT
2026-05-28 03:39:09,GBPUSD,0,BUY (Mean Reversion),1.33808,1.33628,1.34047,✅ TAKE PROFIT
2026-05-28 03:39:10,AUDUSD,0,BUY (Mean Reversion),0.71083,0.70951,0.7126,✅ TAKE PROFIT
2026-05-28 03:39:10,USDCAD,0,SELL (Mean Reversion),1.38666,1.38871,1.38393,✅ TAKE PROFIT
2026-05-28 03:39:11,USDCHF,0,SELL (Mean Reversion),0.7898,0.79119,0.78795,✅ TAKE PROFIT
2026-05-28 03:39:11,EURJPY,0,BUY (Mean Reversion),185.07201,184.86164,185.3525,✅ TAKE PROFIT
2026-05-28 03:39:12,GBPJPY,0,BUY (Mean Reversion),213.556,213.25877,213.9523,✅ TAKE PROFIT
2026-05-28 15:39:55,AUDUSD,0,SELL (Mean Reversion),0.71623,0.7179,0.71401,✅ TAKE PROFIT
2026-05-28 15:39:56,USDCAD,0,BUY (Mean Reversion),1.38051,1.37791,1.38398,✅ TAKE PROFIT
2026-05-28 15:39:58,NZDUSD,0,SELL (Mean Reversion),0.59305,0.59462,0.59095,✅ TAKE PROFIT
2026-05-28 18:32:45,USDCAD,0,BUY (Mean Reversion),1.3784,1.37589,1.38174,✅ TAKE PROFIT
2026-05-29 13:56:11,AUDUSD,0,SELL (Mean Reversion),0.71906,0.72029,0.71743,✅ TAKE PROFIT
2026-05-29 13:56:12,USDCHF,0,BUY (Mean Reversion),0.78127,0.7799,0.7831,✅ TAKE PROFIT
2026-05-29 13:56:13,NZDUSD,0,SELL (Mean Reversion),0.59877,0.59989,0.59727,✅ TAKE PROFIT
2026-06-02 14:48:17,USDJPY,0,SELL (Mean Reversion),159.849,159.96536,159.69385,✅ TAKE PROFIT
2026-06-02 18:36:24,USDJPY,0,SELL (Mean Reversion),159.94901,160.06222,159.79806,✅ TAKE PROFIT
2026-06-02 23:42:42,XAUUSD,0,BUY (Mean Reversion),4492.1001,4469.76017,4521.88667,✅ TAKE PROFIT
2026-06-03 08:50:42,EURUSD,0,BUY (Mean Reversion),1.16131,1.16017,1.16283,✅ TAKE PROFIT
2026-06-03 08:50:43,NZDUSD,0,BUY (Mean Reversion),0.58966,0.58851,0.59119,✅ TAKE PROFIT
2026-06-03 08:50:44,EURJPY,0,BUY (Mean Reversion),185.453,185.21442,185.77111,✅ TAKE PROFIT
2026-06-03 18:19:44,USDCHF,0,SELL (Mean Reversion),0.79257,0.79402,0.79063,✅ TAKE PROFIT
2026-06-04 11:48:05,EURUSD,0,SELL (Mean Reversion),1.16469,1.16597,1.16298,✅ TAKE PROFIT
2026-06-04 11:48:05,GBPUSD,0,SELL (Mean Reversion),1.34609,1.34771,1.34394,✅ TAKE PROFIT
2026-06-04 11:48:06,USDCHF,0,BUY (Mean Reversion),0.78713,0.78545,0.78937,✅ TAKE PROFIT
2026-06-04 11:48:07,EURJPY,0,SELL (Mean Reversion),186.03101,186.2518,185.73661,✅ TAKE PROFIT
2026-06-05 11:23:05,GBPJPY,0,SELL (Mean Reversion),215.399,215.64999,215.06435,✅ TAKE PROFIT
2026-06-05 14:38:44,EURUSD,0,BUY (Mean Reversion),1.15594,1.15412,1.15836,✅ TAKE PROFIT
2026-06-05 14:38:44,GBPUSD,0,BUY (Mean Reversion),1.33862,1.33638,1.3416,✅ TAKE PROFIT
2026-06-05 14:38:45,USDJPY,0,SELL (Mean Reversion),160.23,160.43205,159.9606,✅ TAKE PROFIT
2026-06-05 14:38:45,AUDUSD,0,BUY (Mean Reversion),0.70761,0.70596,0.70982,✅ TAKE PROFIT
2026-06-05 14:38:46,USDCHF,0,SELL (Mean Reversion),0.79442,0.79629,0.79193,✅ TAKE PROFIT
2026-06-05 14:38:46,NZDUSD,0,BUY (Mean Reversion),0.58204,0.58063,0.58392,✅ TAKE PROFIT
2026-06-05 14:38:47,EURJPY,0,BUY (Mean Reversion),185.174,184.91331,185.52158,✅ TAKE PROFIT
2026-06-05 17:12:03,EURUSD,0,BUY (Mean Reversion),1.15314,1.15126,1.15563,✅ TAKE PROFIT
2026-06-05 17:12:05,AUDUSD,0,BUY (Mean Reversion),0.70587,0.70421,0.70807,✅ TAKE PROFIT
2026-06-05 17:12:05,USDCAD,0,SELL (Mean Reversion),1.39406,1.39648,1.39084,✅ TAKE PROFIT
2026-06-05 17:12:06,NZDUSD,0,BUY (Mean Reversion),0.58062,0.5792,0.58251,✅ TAKE PROFIT
2026-06-05 17:12:07,EURJPY,0,BUY (Mean Reversion),184.78101,184.50335,185.15122,✅ TAKE PROFIT
2026-06-09 09:33:14,GBPUSD,0,SELL (Mean Reversion),1.3388,1.34059,1.33641,✅ TAKE PROFIT
2026-06-09 09:33:17,GBPJPY,0,SELL (Mean Reversion),214.375,214.68235,213.96521,✅ TAKE PROFIT
2026-06-09 12:32:19,EURUSD,0,SELL (Mean Reversion),1.15754,1.15885,1.15579,✅ TAKE PROFIT
2026-06-09 12:32:20,GBPUSD,0,SELL (Mean Reversion),1.34043,1.34215,1.33814,✅ TAKE PROFIT
2026-06-09 12:32:21,USDCAD,0,BUY (Mean Reversion),1.3919,1.39001,1.39442,✅ TAKE PROFIT
2026-06-09 12:32:22,EURJPY,0,SELL (Mean Reversion),185.36,185.57317,185.07578,✅ TAKE PROFIT
2026-06-09 15:50:33,AUDUSD,0,BUY (Mean Reversion),0.70328,0.70167,0.70544,✅ TAKE PROFIT
2026-06-09 17:57:19,XAUUSD,0,BUY (Mean Reversion),4283.8999,4249.18802,4330.18242,✅ TAKE PROFIT
2026-06-10 00:08:17,XAUUSD,0,BUY (Mean Reversion),4241.6001,4207.01262,4287.71674,✅ TAKE PROFIT
2026-06-10 09:49:57,USDCAD,0,BUY (Mean Reversion),1.3922,1.39023,1.39483,✅ TAKE PROFIT
2026-06-10 09:49:58,EURJPY,0,SELL (Mean Reversion),185.448,185.6697,185.1524,✅ TAKE PROFIT
2026-06-10 09:49:59,GBPJPY,0,SELL (Mean Reversion),214.972,215.27855,214.56327,✅ TAKE PROFIT
2026-06-10 21:55:19,NZDUSD,0,BUY (Mean Reversion),0.57911,0.5776,0.58111,✅ TAKE PROFIT
2026-06-10 21:55:20,XAUUSD,0,BUY (Mean Reversion),4094.1001,4052.31519,4149.81331,✅ TAKE PROFIT
2026-06-10 23:22:48,AUDUSD,0,BUY (Mean Reversion),0.6994,0.69763,0.70176,✅ TAKE PROFIT
2026-06-10 23:22:49,NZDUSD,0,BUY (Mean Reversion),0.57921,0.5776,0.58135,✅ TAKE PROFIT
2026-06-11 08:40:18,USDCAD,0,SELL (Mean Reversion),1.39713,1.39917,1.39441,✅ TAKE PROFIT
2026-06-11 16:49:26,EURUSD,0,BUY (Mean Reversion),1.15128,1.1496,1.15351,✅ TAKE PROFIT
2026-06-11 16:49:29,EURJPY,0,BUY (Mean Reversion),184.744,184.48597,185.08804,✅ TAKE PROFIT
2026-06-11 19:31:58,EURUSD,0,SELL (Mean Reversion),1.15888,1.16126,1.15571,✅ TAKE PROFIT
2026-06-11 19:31:58,GBPUSD,0,SELL (Mean Reversion),1.34282,1.34579,1.33887,✅ TAKE PROFIT
2026-06-11 19:31:59,USDJPY,0,BUY (Mean Reversion),159.687,159.45362,159.99817,✅ TAKE PROFIT
2026-06-11 19:31:59,AUDUSD,0,SELL (Mean Reversion),0.70552,0.70748,0.7029,✅ TAKE PROFIT
2026-06-11 19:32:00,USDCHF,0,BUY (Mean Reversion),0.79479,0.79254,0.7978,✅ TAKE PROFIT
2026-06-11 19:32:01,NZDUSD,0,SELL (Mean Reversion),0.58435,0.58622,0.58186,✅ TAKE PROFIT
2026-06-11 21:58:20,USDCHF,0,BUY (Mean Reversion),0.79422,0.79203,0.79714,✅ TAKE PROFIT
2026-06-11 21:58:21,XAUUSD,0,SELL (Mean Reversion),4233.7998,4283.57958,4167.42676,✅ TAKE PROFIT
2026-06-11 23:25:07,AUDUSD,0,SELL (Mean Reversion),0.70532,0.70716,0.70287,✅ TAKE PROFIT
2026-06-11 23:25:08,USDCHF,0,BUY (Mean Reversion),0.79463,0.79253,0.79744,✅ TAKE PROFIT
2026-06-15 03:41:25,AUDUSD,0,SELL (Mean Reversion),0.70857,0.71015,0.70646,✅ TAKE PROFIT
2026-06-17 16:35:56,USDCAD,0,SELL (Mean Reversion),1.40341,1.40543,1.40072,✅ TAKE PROFIT
2026-06-17 16:35:58,XAUUSD,0,SELL (Mean Reversion),4384.8999,4407.30782,4355.02267,✅ TAKE PROFIT
2026-06-17 19:21:50,EURUSD,0,BUY (Mean Reversion),1.15088,1.14891,1.1535,✅ TAKE PROFIT
2026-06-17 19:21:51,USDJPY,0,SELL (Mean Reversion),160.629,160.80786,160.39052,✅ TAKE PROFIT
2026-06-17 19:21:52,AUDUSD,1,SELL (Trend),0.70225,0.70367,0.70036,✅ TAKE PROFIT
2026-06-17 19:21:52,USDCAD,0,SELL (Mean Reversion),1.4095,1.41204,1.40612,✅ TAKE PROFIT
2026-06-17 19:21:53,USDCHF,0,SELL (Mean Reversion),0.79971,0.80177,0.79696,✅ TAKE PROFIT
2026-06-17 19:21:53,EURJPY,0,BUY (Mean Reversion),184.8,184.52721,185.16373,✅ TAKE PROFIT
2026-06-17 19:21:54,GBPJPY,0,BUY (Mean Reversion),213.463,213.09516,213.95344,✅ TAKE PROFIT
2026-06-17 21:56:30,EURUSD,0,BUY (Mean Reversion),1.15075,1.14854,1.1537,✅ TAKE PROFIT
2026-06-17 21:56:31,GBPUSD,0,BUY (Mean Reversion),1.32963,1.32688,1.33329,✅ TAKE PROFIT
2026-06-17 21:56:32,AUDUSD,0,BUY (Mean Reversion),0.7018,0.70023,0.7039,✅ TAKE PROFIT
2026-06-17 21:56:33,EURJPY,0,BUY (Mean Reversion),184.62399,184.32023,185.02901,✅ TAKE PROFIT
2026-06-17 21:56:33,GBPJPY,0,BUY (Mean Reversion),213.409,213.00234,213.9512,✅ TAKE PROFIT
2026-06-17 23:22:12,USDJPY,1,BUY (Trend),160.55901,160.37179,160.80863,❌ STOP LOSS
2026-06-17 23:22:13,USDCAD,0,SELL (Mean Reversion),1.40971,1.4124,1.40612,✅ TAKE PROFIT
2026-06-17 23:22:15,EURJPY,0,BUY (Mean Reversion),184.761,184.46442,185.15644,✅ TAKE PROFIT
2026-06-17 23:22:16,GBPJPY,0,BUY (Mean Reversion),213.54601,213.17121,214.04573,✅ TAKE PROFIT
2026-06-18 16:25:04,USDJPY,0,SELL (Mean Reversion),161.327,161.57539,160.9958,✅ TAKE PROFIT
2026-06-18 16:25:07,EURGBP,0,SELL (Mean Reversion),0.86768,0.86878,0.86621,✅ TAKE PROFIT
2026-06-18 19:23:44,USDJPY,0,SELL (Mean Reversion),161.77299,162.03238,161.42715,✅ TAKE PROFIT
2026-06-19 06:12:53,XAUUSD,0,BUY (Mean Reversion),4167.5,4137.00317,4208.16244,✅ TAKE PROFIT
2026-06-19 11:17:23,XAUUSD,0,BUY (Mean Reversion),4167.5,4137.00317,4208.16244,✅ TAKE PROFIT
2026-06-19 14:54:06,USDCAD,0,SELL (Mean Reversion),1.41737,1.41962,1.41437,✅ TAKE PROFIT
2026-06-19 14:54:08,XAUUSD,0,BUY (Mean Reversion),4167.5,4137.00317,4208.16244,✅ TAKE PROFIT
2026-06-19 19:42:57,XAUUSD,0,BUY (Mean Reversion),4167.5,4137.00317,4208.16244,✅ TAKE PROFIT
2026-06-19 21:05:09,XAUUSD,0,BUY (Mean Reversion),4167.5,4137.00317,4208.16244,✅ TAKE PROFIT
2026-06-19 22:51:24,XAUUSD,0,BUY (Mean Reversion),4167.5,4137.00317,4208.16244,✅ TAKE PROFIT
2026-06-20 00:04:57,XAUUSD,0,BUY (Mean Reversion),4167.5,4137.00317,4208.16244,✅ TAKE PROFIT
2026-06-22 03:41:37,USDJPY,0,SELL (Mean Reversion),161.57201,161.76775,161.31102,✅ TAKE PROFIT
2026-06-22 09:44:16,GBPJPY,0,SELL (Mean Reversion),213.951,214.3576,213.40888,✅ TAKE PROFIT
2026-06-22 15:20:16,EURJPY,0,BUY (Mean Reversion),184.468,184.15738,184.88216,✅ TAKE PROFIT
2026-06-23 02:46:38,AUDUSD,0,BUY (Mean Reversion),0.69852,0.69752,0.69986,✅ TAKE PROFIT
2026-06-23 06:45:56,AUDUSD,0,BUY (Mean Reversion),0.69527,0.69406,0.69687,✅ TAKE PROFIT
2026-06-23 06:45:58,NZDUSD,0,BUY (Mean Reversion),0.5686,0.56754,0.57002,✅ TAKE PROFIT
2026-06-23 06:45:59,XAUUSD,0,BUY (Mean Reversion),4135.7002,4082.0258,4207.26606,✅ TAKE PROFIT
2026-06-23 10:33:51,EURUSD,0,BUY (Mean Reversion),1.1409,1.13941,1.14289,✅ TAKE PROFIT
2026-06-23 10:33:53,EURJPY,0,BUY (Mean Reversion),184.06599,183.78189,184.4448,✅ TAKE PROFIT
2026-06-24 02:47:11,XAUUSD,0,BUY (Mean Reversion),4081.0,4045.48669,4128.35109,✅ TAKE PROFIT
2026-06-24 06:43:07,USDCHF,0,SELL (Mean Reversion),0.8114,0.81277,0.80958,✅ TAKE PROFIT
2026-06-24 10:18:42,EURUSD,0,BUY (Mean Reversion),1.13443,1.13311,1.13619,✅ TAKE PROFIT
2026-06-24 10:18:43,GBPUSD,0,BUY (Mean Reversion),1.31641,1.31441,1.31908,✅ TAKE PROFIT
2026-06-24 10:18:43,AUDUSD,0,BUY (Mean Reversion),0.6888,0.68762,0.69037,✅ TAKE PROFIT
2026-06-24 10:18:44,USDCAD,0,SELL (Mean Reversion),1.42349,1.42544,1.42089,✅ TAKE PROFIT
2026-06-24 10:18:44,USDCHF,0,SELL (Mean Reversion),0.81242,0.81378,0.8106,✅ TAKE PROFIT
2026-06-24 10:18:45,EURJPY,0,BUY (Mean Reversion),183.422,183.18433,183.73889,✅ TAKE PROFIT
2026-06-24 13:17:10,EURUSD,0,BUY (Mean Reversion),1.13289,1.13149,1.13475,✅ TAKE PROFIT
2026-06-24 13:17:10,GBPUSD,0,BUY (Mean Reversion),1.31453,1.31235,1.31742,✅ TAKE PROFIT
2026-06-24 13:17:12,USDCAD,0,SELL (Mean Reversion),1.42444,1.42656,1.42162,✅ TAKE PROFIT
2026-06-24 13:17:13,USDCHF,0,SELL (Mean Reversion),0.81383,0.81531,0.81186,✅ TAKE PROFIT
2026-06-24 13:17:14,EURJPY,0,BUY (Mean Reversion),183.17599,182.93207,183.50123,✅ TAKE PROFIT
2026-06-24 13:17:15,GBPJPY,0,BUY (Mean Reversion),212.621,212.23595,213.13441,✅ TAKE PROFIT
2026-06-25 08:53:33,GBPJPY,0,SELL (Mean Reversion),213.463,213.78654,213.0316,✅ TAKE PROFIT
2026-06-25 17:08:31,USDCAD,0,BUY (Mean Reversion),1.41896,1.41653,1.42219,✅ TAKE PROFIT
2026-06-26 10:20:03,EURUSD,0,SELL (Mean Reversion),1.14077,1.1424,1.1386,✅ TAKE PROFIT
2026-06-26 10:20:05,EURJPY,0,SELL (Mean Reversion),184.291,184.55825,183.93466,✅ TAKE PROFIT
2026-06-26 13:07:20,USDCHF,0,BUY (Mean Reversion),0.80695,0.80534,0.8091,✅ TAKE PROFIT
2026-06-26 13:07:21,EURGBP,0,SELL (Mean Reversion),0.86428,0.86534,0.86287,✅ TAKE PROFIT
2026-06-26 13:07:21,EURJPY,0,SELL (Mean Reversion),184.69299,184.99446,184.29104,✅ TAKE PROFIT
2026-06-29 16:51:14,EURUSD,0,SELL (Mean Reversion),1.14325,1.14481,1.14117,✅ TAKE PROFIT
2026-06-29 16:51:16,GBPUSD,0,SELL (Mean Reversion),1.32586,1.32761,1.32352,✅ TAKE PROFIT
2026-06-30 04:05:22,XAUUSD,0,BUY (Mean Reversion),3979.0,3950.99704,4016.33728,✅ TAKE PROFIT
2026-07-01 14:24:28,GBPUSD,0,SELL (Mean Reversion),1.32788,1.33006,1.32498,✅ TAKE PROFIT
2026-07-01 14:24:30,EURGBP,0,BUY (Mean Reversion),0.85814,0.85712,0.8595,✅ TAKE PROFIT
2026-07-01 14:24:31,XAUUSD,0,SELL (Mean Reversion),4107.6001,4141.94567,4061.806,✅ TAKE PROFIT
2026-07-01 17:09:52,GBPJPY,0,SELL (Mean Reversion),215.77901,216.12298,215.32038,✅ TAKE PROFIT
2026-07-02 06:36:53,USDJPY,0,BUY (Mean Reversion),162.20799,162.02742,162.44876,✅ TAKE PROFIT
2026-07-02 06:36:55,EURJPY,0,BUY (Mean Reversion),184.72701,184.5011,185.02822,✅ TAKE PROFIT
2026-07-02 09:57:52,GBPUSD,0,SELL (Mean Reversion),1.3341,1.3363,1.33116,✅ TAKE PROFIT
2026-07-02 09:57:52,USDJPY,0,BUY (Mean Reversion),161.15199,160.77475,161.65498,✅ TAKE PROFIT
2026-07-02 09:57:53,USDCHF,0,BUY (Mean Reversion),0.80499,0.8033,0.80724,✅ TAKE PROFIT
2026-07-02 09:57:53,EURJPY,0,BUY (Mean Reversion),183.92999,183.55399,184.43133,✅ TAKE PROFIT
2026-07-02 09:57:54,GBPJPY,0,BUY (Mean Reversion),215.009,214.56391,215.60246,✅ TAKE PROFIT
2026-07-03 07:58:36,NZDUSD,0,SELL (Mean Reversion),0.57254,0.57371,0.57098,✅ TAKE PROFIT
2026-07-06 02:42:03,USDJPY,0,SELL (Mean Reversion),161.80299,162.05972,161.4607,✅ TAKE PROFIT
2026-07-06 02:42:04,EURJPY,0,SELL (Mean Reversion),184.937,185.16926,184.62731,✅ TAKE PROFIT
2026-07-06 02:42:05,GBPJPY,0,SELL (Mean Reversion),215.864,216.14249,215.49268,✅ TAKE PROFIT
2026-07-06 07:07:18,USDJPY,0,SELL (Mean Reversion),162.28101,162.53922,161.93672,✅ TAKE PROFIT
2026-07-06 07:07:19,USDCAD,0,SELL (Mean Reversion),1.42171,1.42345,1.41939,✅ TAKE PROFIT
2026-07-06 07:07:21,GBPJPY,0,SELL (Mean Reversion),216.383,216.66049,216.013,✅ TAKE PROFIT
2026-07-06 18:07:30,GBPUSD,0,SELL (Mean Reversion),1.33819,1.33973,1.33613,✅ TAKE PROFIT
2026-07-07 17:08:39,USDCAD,0,BUY (Mean Reversion),1.41882,1.41674,1.42159,✅ TAKE PROFIT
2026-07-07 19:47:44,USDCHF,0,SELL (Mean Reversion),0.80823,0.80965,0.80633,✅ TAKE PROFIT
2026-07-07 21:18:54,EURUSD,0,BUY (Mean Reversion),1.14116,1.1398,1.14297,✅ TAKE PROFIT
2026-07-07 22:56:01,EURUSD,0,BUY (Mean Reversion),1.14103,1.13965,1.14287,✅ TAKE PROFIT
2026-07-07 22:56:02,USDCHF,0,SELL (Mean Reversion),0.80847,0.80997,0.80647,✅ TAKE PROFIT
2026-07-08 05:46:10,NZDUSD,0,SELL (Mean Reversion),0.57202,0.57317,0.57048,✅ TAKE PROFIT
2026-07-08 17:24:46,GBPUSD,0,SELL (Mean Reversion),1.34054,1.34295,1.33731,✅ TAKE PROFIT
2026-07-08 17:24:48,GBPJPY,0,SELL (Mean Reversion),217.733,218.09634,217.24855,✅ TAKE PROFIT
2026-07-08 19:17:22,GBPUSD,0,SELL (Mean Reversion),1.34036,1.3426,1.33736,✅ TAKE PROFIT
2026-07-08 23:00:25,GBPUSD,0,SELL (Mean Reversion),1.34054,1.34289,1.3374,✅ TAKE PROFIT
2026-07-09 04:52:09,XAUUSD,0,BUY (Mean Reversion),4069.8999,4035.88482,4115.25334,✅ TAKE PROFIT
2026-07-10 02:32:17,EURUSD,0,SELL (Mean Reversion),1.14613,1.14745,1.14437,✅ TAKE PROFIT
2026-07-10 02:32:18,GBPUSD,0,SELL (Mean Reversion),1.34463,1.34645,1.34219,✅ TAKE PROFIT
2026-07-10 02:32:18,USDJPY,0,BUY (Mean Reversion),161.509,161.23451,161.87499,✅ TAKE PROFIT
2026-07-10 02:32:18,AUDUSD,0,SELL (Mean Reversion),0.69623,0.69726,0.69486,✅ TAKE PROFIT
2026-07-10 02:32:19,USDCAD,0,BUY (Mean Reversion),1.41422,1.41215,1.41698,✅ TAKE PROFIT
2026-07-10 02:32:19,USDCHF,0,BUY (Mean Reversion),0.80369,0.80218,0.8057,✅ TAKE PROFIT
2026-07-10 02:32:20,NZDUSD,0,SELL (Mean Reversion),0.57914,0.58029,0.5776,✅ TAKE PROFIT
2026-07-10 02:32:21,EURJPY,0,BUY (Mean Reversion),185.045,184.78899,185.38634,✅ TAKE PROFIT
2026-07-13 06:10:34,XAUUSD,0,BUY (Mean Reversion),4063.1001,4036.21681,4098.94448,✅ TAKE PROFIT
2026-07-13 16:27:13,USDCHF,0,SELL (Mean Reversion),0.81273,0.81446,0.81043,✅ TAKE PROFIT
2026-07-13 16:27:15,XAUUSD,0,BUY (Mean Reversion),4020.0,3992.80675,4056.25766,✅ TAKE PROFIT
2026-07-13 18:40:21,USDCHF,0,SELL (Mean Reversion),0.81422,0.81596,0.8119,✅ TAKE PROFIT
2026-07-14 07:54:02,USDCAD,0,BUY (Mean Reversion),1.4103,1.40813,1.41319,✅ TAKE PROFIT
2026-07-14 09:52:53,AUDUSD,0,SELL (Mean Reversion),0.69546,0.69652,0.69405,✅ TAKE PROFIT
2026-07-14 09:52:53,USDCAD,0,BUY (Mean Reversion),1.40857,1.4063,1.4116,✅ TAKE PROFIT
2026-07-14 13:22:37,EURUSD,0,SELL (Mean Reversion),1.14534,1.14725,1.14281,✅ TAKE PROFIT
2026-07-14 13:22:37,GBPUSD,0,SELL (Mean Reversion),1.34055,1.34284,1.33751,✅ TAKE PROFIT
2026-07-14 13:22:37,USDJPY,0,BUY (Mean Reversion),161.88901,161.62458,162.24158,✅ TAKE PROFIT
2026-07-14 13:22:38,AUDUSD,0,SELL (Mean Reversion),0.6973,0.69874,0.69538,✅ TAKE PROFIT
2026-07-14 13:22:38,USDCAD,0,BUY (Mean Reversion),1.4062,1.40332,1.41004,✅ TAKE PROFIT
2026-07-14 13:22:39,USDCHF,0,BUY (Mean Reversion),0.80771,0.80566,0.81045,✅ TAKE PROFIT
2026-07-14 13:22:39,EURJPY,0,SELL (Mean Reversion),185.35899,185.62268,185.00741,✅ TAKE PROFIT
2026-07-14 15:20:13,AUDUSD,0,SELL (Mean Reversion),0.69911,0.70058,0.69713,✅ TAKE PROFIT
2026-07-14 15:20:16,XAUUSD,0,SELL (Mean Reversion),4105.1001,4134.38824,4066.04924,✅ TAKE PROFIT
2026-07-15 04:50:58,GBPJPY,0,SELL (Mean Reversion),217.418,217.70374,217.03701,✅ TAKE PROFIT
2026-07-15 07:11:43,GBPJPY,0,SELL (Mean Reversion),217.659,217.94697,217.27503,✅ TAKE PROFIT
2026-07-15 13:25:54,NZDUSD,0,SELL (Mean Reversion),0.58326,0.58443,0.5817,✅ TAKE PROFIT
2026-07-15 13:25:54,EURGBP,0,BUY (Mean Reversion),0.85092,0.8499,0.85228,✅ TAKE PROFIT
2026-07-15 13:25:55,GBPJPY,0,SELL (Mean Reversion),217.855,218.15848,217.45035,✅ TAKE PROFIT
2026-07-15 15:23:16,GBPUSD,0,SELL (Mean Reversion),1.34793,1.35033,1.34472,✅ TAKE PROFIT
2026-07-15 15:23:18,USDCHF,0,BUY (Mean Reversion),0.80673,0.80498,0.80907,✅ TAKE PROFIT
2026-07-15 15:23:19,NZDUSD,0,SELL (Mean Reversion),0.58377,0.58493,0.58223,✅ TAKE PROFIT
2026-07-15 15:23:20,EURGBP,0,BUY (Mean Reversion),0.84842,0.84717,0.85008,✅ TAKE PROFIT
2026-07-15 15:23:21,GBPJPY,0,SELL (Mean Reversion),218.58701,218.95054,218.1023,✅ TAKE PROFIT
2026-07-15 17:12:23,GBPUSD,0,SELL (Mean Reversion),1.35422,1.35694,1.35061,✅ TAKE PROFIT
2026-07-15 17:12:24,USDCHF,0,BUY (Mean Reversion),0.80619,0.80446,0.8085,✅ TAKE PROFIT
2026-07-15 17:12:24,NZDUSD,0,SELL (Mean Reversion),0.58435,0.58547,0.58286,✅ TAKE PROFIT
2026-07-15 17:12:25,EURGBP,0,BUY (Mean Reversion),0.84549,0.84407,0.84738,✅ TAKE PROFIT
2026-07-15 17:12:26,GBPJPY,0,SELL (Mean Reversion),219.48599,219.89606,218.93923,✅ TAKE PROFIT
2026-07-15 19:03:18,NZDUSD,0,SELL (Mean Reversion),0.58575,0.58702,0.58407,✅ TAKE PROFIT
2026-07-15 19:03:19,EURJPY,0,SELL (Mean Reversion),185.81599,186.0448,185.51092,✅ TAKE PROFIT
2026-07-15 20:55:04,EURJPY,0,SELL (Mean Reversion),185.927,186.16408,185.6109,✅ TAKE PROFIT
2026-07-16 14:56:18,USDJPY,0,SELL (Mean Reversion),162.438,162.62625,162.18701,✅ TAKE PROFIT
2026-07-17 10:42:03,GBPUSD,0,BUY (Mean Reversion),1.34318,1.34148,1.34546,✅ TAKE PROFIT
2026-07-17 10:42:06,GBPJPY,0,BUY (Mean Reversion),218.11099,217.80884,218.51386,✅ TAKE PROFIT
2026-07-17 14:28:51,USDCAD,0,BUY (Mean Reversion),1.40126,1.39919,1.40402,✅ TAKE PROFIT
2026-07-20 15:06:55,EURUSD,0,BUY (Mean Reversion),1.14116,1.13994,1.14279,✅ TAKE PROFIT
2026-07-20 15:06:56,GBPUSD,0,BUY (Mean Reversion),1.34239,1.34062,1.34475,✅ TAKE PROFIT
2026-07-20 15:06:57,USDCAD,0,SELL (Mean Reversion),1.4057,1.4079,1.40277,✅ TAKE PROFIT
2026-07-21 02:10:05,NZDUSD,0,SELL (Mean Reversion),0.58723,0.5883,0.58581,✅ TAKE PROFIT
2026-07-21 05:45:20,XAUUSD,0,SELL (Mean Reversion),4065.19995,4087.08728,4036.01684,✅ TAKE PROFIT
2026-07-21 08:17:59,USDJPY,0,SELL (Mean Reversion),162.66,162.78735,162.49021,✅ TAKE PROFIT
2026-07-21 08:18:00,EURJPY,0,SELL (Mean Reversion),185.825,186.00056,185.59091,✅ TAKE PROFIT
2026-07-21 13:27:18,GBPUSD,0,BUY (Mean Reversion),1.33811,1.33626,1.34059,✅ TAKE PROFIT
2026-07-21 13:27:19,USDJPY,0,SELL (Mean Reversion),162.789,162.92269,162.61076,✅ TAKE PROFIT
2026-07-21 13:27:20,USDCAD,0,SELL (Mean Reversion),1.4089,1.41106,1.40602,✅ TAKE PROFIT
2026-07-21 13:27:21,USDCHF,0,SELL (Mean Reversion),0.81137,0.81257,0.80977,✅ TAKE PROFIT
2026-07-21 13:27:22,GBPJPY,0,BUY (Mean Reversion),217.82201,217.50267,218.24779,✅ TAKE PROFIT
2026-07-21 15:39:51,USDJPY,0,SELL (Mean Reversion),162.979,163.13339,162.77315,✅ TAKE PROFIT
2026-07-21 15:39:52,USDCAD,0,SELL (Mean Reversion),1.40932,1.41157,1.40632,✅ TAKE PROFIT
2026-07-21 15:39:53,USDCHF,0,SELL (Mean Reversion),0.8122,0.81359,0.81034,✅ TAKE PROFIT
2026-07-22 17:11:13,USDCHF,0,SELL (Mean Reversion),0.81424,0.8155,0.81256,✅ TAKE PROFIT
2026-07-23 02:57:05,EURUSD,0,SELL (Mean Reversion),1.14299,1.14388,1.1418,✅ TAKE PROFIT
2026-07-23 02:57:06,AUDUSD,0,SELL (Mean Reversion),0.70175,0.70279,0.70038,✅ TAKE PROFIT
2026-07-23 02:57:07,USDCAD,0,BUY (Mean Reversion),1.40657,1.40486,1.40885,✅ TAKE PROFIT
2026-07-23 02:57:09,EURJPY,0,SELL (Mean Reversion),186.32899,186.51162,186.0855,✅ TAKE PROFIT
2026-07-23 08:22:14,USDJPY,0,SELL (Mean Reversion),163.38499,163.53725,163.18199,✅ TAKE PROFIT
2026-07-23 08:22:17,EURJPY,0,SELL (Mean Reversion),186.561,186.76169,186.29342,✅ TAKE PROFIT
2026-07-23 13:45:14,EURUSD,0,BUY (Mean Reversion),1.13843,1.13703,1.1403,✅ TAKE PROFIT
2026-07-23 13:45:15,GBPUSD,0,BUY (Mean Reversion),1.33388,1.33212,1.33624,✅ TAKE PROFIT
2026-07-23 13:45:16,USDJPY,0,SELL (Mean Reversion),163.85699,164.06254,163.58294,✅ TAKE PROFIT
2026-07-23 13:45:18,USDCHF,0,SELL (Mean Reversion),0.81644,0.8179,0.8145,✅ TAKE PROFIT
2026-07-23 13:45:18,NZDUSD,0,BUY (Mean Reversion),0.57807,0.57689,0.57964,✅ TAKE PROFIT
2026-07-23 15:51:42,GBPUSD,0,BUY (Mean Reversion),1.33071,1.32878,1.33327,✅ TAKE PROFIT
2026-07-23 15:51:45,USDCHF,0,SELL (Mean Reversion),0.81744,0.81902,0.81533,✅ TAKE PROFIT
2026-07-27 02:28:18,EURUSD,0,SELL (Mean Reversion),1.14129,1.14268,1.13944,✅ TAKE PROFIT
2026-07-28 02:41:33,XAUUSD,0,BUY (Mean Reversion),4047.69995,4028.56002,4073.21986,✅ TAKE PROFIT
2026-07-28 05:42:08,AUDUSD,0,BUY (Mean Reversion),0.69691,0.69588,0.69829,✅ TAKE PROFIT
2026-07-28 11:12:34,USDJPY,0,SELL (Mean Reversion),163.933,164.05877,163.76531,✅ TAKE PROFIT
2026-07-28 16:02:37,EURUSD,0,SELL (Mean Reversion),1.14051,1.14184,1.13873,✅ TAKE PROFIT
2026-07-28 16:02:39,NZDUSD,0,SELL (Mean Reversion),0.57978,0.5808,0.57841,✅ TAKE PROFIT
2026-07-28 16:02:40,EURJPY,0,SELL (Mean Reversion),186.59801,186.80068,186.32778,✅ TAKE PROFIT
2026-07-29 02:06:29,AUDUSD,0,BUY (Mean Reversion),0.69483,0.69375,0.69628,✅ TAKE PROFIT
2026-07-29 05:46:19,USDJPY,0,BUY (Mean Reversion),163.424,163.2322,163.67973,✅ TAKE PROFIT
2026-07-29 05:46:21,GBPJPY,0,BUY (Mean Reversion),217.34,217.06033,217.71289,✅ TAKE PROFIT
2026-07-29 08:31:11,XAUUSD,0,SELL (Mean Reversion),4099.2998,4124.08532,4066.25245,✅ TAKE PROFIT
2026-07-29 11:20:54,XAUUSD,1,BUY (Trend),4085.8999,4063.71839,4115.47525,✅ TAKE PROFIT
2026-07-29 13:57:59,USDCAD,0,BUY (Mean Reversion),1.40808,1.40603,1.41082,✅ TAKE PROFIT
2026-07-29 19:06:04,EURUSD,0,SELL (Mean Reversion),1.14521,1.14696,1.14289,✅ TAKE PROFIT
2026-07-29 19:06:05,GBPUSD,0,SELL (Mean Reversion),1.33627,1.33835,1.3335,✅ TAKE PROFIT
2026-07-29 19:06:08,USDCAD,0,BUY (Mean Reversion),1.40376,1.40131,1.40703,✅ TAKE PROFIT
2026-07-29 19:06:09,USDCHF,0,BUY (Mean Reversion),0.81454,0.81258,0.81715,✅ TAKE PROFIT
2026-07-29 19:06:10,NZDUSD,0,SELL (Mean Reversion),0.58214,0.58355,0.58026,✅ TAKE PROFIT
2026-07-29 19:06:11,EURJPY,0,SELL (Mean Reversion),187.013,187.28188,186.65449,✅ TAKE PROFIT
2026-07-29 19:06:12,GBPJPY,0,SELL (Mean Reversion),218.265,218.58958,217.83223,✅ TAKE PROFIT
2026-07-29 20:49:54,EURUSD,0,SELL (Mean Reversion),1.14718,1.14921,1.14448,✅ TAKE PROFIT
2026-07-29 20:49:56,USDCAD,0,BUY (Mean Reversion),1.40479,1.40207,1.40842,✅ TAKE PROFIT
2026-07-29 20:49:57,USDCHF,0,BUY (Mean Reversion),0.81353,0.81137,0.81641,✅ TAKE PROFIT
2026-07-29 20:49:59,EURJPY,0,SELL (Mean Reversion),187.42799,187.73023,187.02501,✅ TAKE PROFIT
2026-07-29 20:50:00,GBPJPY,0,SELL (Mean Reversion),218.40199,218.755,217.93132,✅ TAKE PROFIT
2026-07-29 21:55:37,EURUSD,0,SELL (Mean Reversion),1.14666,1.14896,1.14358,✅ TAKE PROFIT
2026-07-29 21:55:37,GBPUSD,0,SELL (Mean Reversion),1.33631,1.33894,1.3328,✅ TAKE PROFIT
2026-07-29 21:55:38,USDCAD,0,BUY (Mean Reversion),1.4039,1.40124,1.40744,✅ TAKE PROFIT
2026-07-29 21:55:38,USDCHF,0,BUY (Mean Reversion),0.81349,0.81127,0.81645,✅ TAKE PROFIT
2026-07-29 22:56:35,EURUSD,0,SELL (Mean Reversion),1.14745,1.14969,1.14446,✅ TAKE PROFIT
2026-07-29 22:56:36,EURJPY,0,SELL (Mean Reversion),187.41,187.71568,187.00244,✅ TAKE PROFIT
2026-07-29 23:58:06,EURUSD,0,SELL (Mean Reversion),1.14718,1.1492,1.1445,✅ TAKE PROFIT
2026-07-29 23:58:07,GBPUSD,0,SELL (Mean Reversion),1.33686,1.33926,1.33367,✅ TAKE PROFIT
2026-07-29 23:58:08,USDCAD,0,BUY (Mean Reversion),1.40356,1.401,1.40698,✅ TAKE PROFIT
2026-07-29 23:58:08,USDCHF,0,BUY (Mean Reversion),0.81335,0.81121,0.8162,✅ TAKE PROFIT
2026-07-29 23:58:10,EURJPY,0,SELL (Mean Reversion),187.28101,187.57443,186.88977,✅ TAKE PROFIT
2026-07-29 23:58:10,GBPJPY,0,SELL (Mean Reversion),218.315,218.6634,217.85047,✅ TAKE PROFIT
2026-07-30 11:02:51,USDJPY,0,BUY (Mean Reversion),162.79201,162.4779,163.21082,✅ TAKE PROFIT
2026-07-30 13:47:16,EURUSD,0,SELL (Mean Reversion),1.15048,1.15264,1.14761,✅ TAKE PROFIT
2026-07-30 13:47:17,GBPUSD,0,SELL (Mean Reversion),1.34154,1.34449,1.33762,✅ TAKE PROFIT
2026-07-30 13:47:17,AUDUSD,1,BUY (Trend),0.70077,0.69904,0.70308,❌ STOP LOSS
2026-07-30 13:47:18,USDCAD,0,BUY (Mean Reversion),1.40253,1.39984,1.40612,✅ TAKE PROFIT
2026-07-30 13:47:19,GBPJPY,1,SELL (Trend),215.261,215.99877,214.27731,✅ TAKE PROFIT
2026-07-30 15:48:28,EURUSD,0,SELL (Mean Reversion),1.15274,1.15534,1.14927,✅ TAKE PROFIT
2026-07-30 15:48:29,GBPUSD,0,SELL (Mean Reversion),1.34597,1.34918,1.34169,✅ TAKE PROFIT
2026-07-30 15:48:31,AUDUSD,0,SELL (Mean Reversion),0.70244,0.70442,0.6998,✅ TAKE PROFIT
2026-07-30 15:48:31,USDCAD,0,BUY (Mean Reversion),1.4005,1.39755,1.40443,✅ TAKE PROFIT
2026-07-30 15:48:32,USDCHF,0,BUY (Mean Reversion),0.80558,0.8025,0.80968,✅ TAKE PROFIT
2026-07-30 15:48:33,NZDUSD,0,SELL (Mean Reversion),0.58789,0.58979,0.58536,✅ TAKE PROFIT
2026-07-30 15:48:35,EURJPY,0,BUY (Mean Reversion),183.57899,182.73218,184.70809,✅ TAKE PROFIT
2026-07-31 15:15:28,EURGBP,0,BUY (Mean Reversion),0.85442,0.85332,0.85588,✅ TAKE PROFIT
2026-08-05 11:55:00,NZDUSD,1,SELL (Trend),0.58713,0.58822,0.58567,✅ TAKE PROFIT
2026-08-05 15:59:10,USDCAD,0,BUY (Mean Reversion),1.40197,1.39982,1.40484,✅ TAKE PROFIT
2026-08-05 17:44:50,USDCAD,0,BUY (Mean Reversion),1.40146,1.39926,1.4044,✅ TAKE PROFIT
2026-08-07 10:49:55,GBPUSD,0,BUY (Mean Reversion),1.34362,1.34257,1.34502,Pending
2026-08-07 12:51:46,AUDUSD,1,BUY (Trend),0.70791,0.70679,0.70941,Pending
2026-08-07 12:51:47,EURJPY,0,BUY (Mean Reversion),181.944,181.59506,182.40925,Pending
2026-08-07 12:51:47,GBPJPY,0,BUY (Mean Reversion),212.216,211.78724,212.78769,Pending
2026-08-07 14:09:12,GBPUSD,0,SELL (Mean Reversion),1.34893,1.35061,1.34669,Pending
2026-08-07 14:09:13,USDCAD,0,BUY (Mean Reversion),1.39393,1.39153,1.39713,Pending
2026-08-07 15:51:14,GBPUSD,0,SELL (Mean Reversion),1.34953,1.35137,1.34707,Pending
2026-08-07 15:51:15,USDCAD,0,BUY (Mean Reversion),1.39312,1.39054,1.39656,Pending
2026-08-07 16:48:18,GBPUSD,0,SELL (Mean Reversion),1.35022,1.35201,1.34783,Pending
2026-08-07 16:48:19,USDJPY,0,BUY (Mean Reversion),157.349,156.91547,157.92704,Pending
2026-08-10 09:13:41,GBPUSD,0,SELL (Mean Reversion),1.35055,1.35167,1.34906,Pending
2026-08-10 09:13:45,GBPJPY,0,SELL (Mean Reversion),214.282,214.64425,213.79899,Pending
2026-08-10 14:18:16,GBPUSD,0,SELL (Mean Reversion),1.35135,1.35268,1.34957,Pending
2026-08-10 15:55:33,GBPUSD,0,SELL (Mean Reversion),1.35225,1.35371,1.3503,Pending
2026-08-10 15:55:34,USDCAD,0,BUY (Mean Reversion),1.3929,1.3907,1.39584,Pending
2026-08-10 19:51:47,XAUUSD,0,SELL (Mean Reversion),4448.3999,4474.96898,4412.97447,Pending
2026-08-10 20:35:52,XAUUSD,0,SELL (Mean Reversion),4447.6001,4472.95168,4413.79799,Pending
2026-08-10 21:36:21,XAUUSD,0,SELL (Mean Reversion),4448.6001,4474.0481,4414.66943,Pending
2026-08-11 17:54:04,USDCHF,0,SELL (Mean Reversion),0.81176,0.81296,0.81016,Pending
2026-08-11 20:47:07,EURJPY,0,SELL (Mean Reversion),183.896,184.08437,183.64483,Pending
2026-08-12 04:01:58,USDJPY,0,SELL (Mean Reversion),159.422,159.58316,159.20712,Pending
2026-08-12 11:50:16,GBPUSD,0,SELL (Mean Reversion),1.35239,1.35347,1.35095,Pending
2026-08-12 12:56:32,EURUSD,0,SELL (Mean Reversion),1.15607,1.15715,1.15463,Pending
2026-08-12 12:56:33,GBPUSD,0,SELL (Mean Reversion),1.35367,1.35505,1.35184,Pending
2026-08-12 12:56:33,USDJPY,0,BUY (Mean Reversion),158.907,158.63535,159.26919,Pending
2026-08-12 14:19:01,USDCAD,0,BUY (Mean Reversion),1.39093,1.38909,1.39338,Pending
2026-08-13 16:51:43,XAUUSD,1,SELL (Trend),4421.3999,4452.1324,4380.42324,Pending
2026-08-14 01:26:11,XAUUSD,0,BUY (Mean Reversion),4380.0,4351.91683,4417.44423,Pending
2026-08-14 08:10:32,EURUSD,0,SELL (Mean Reversion),1.1558,1.15672,1.15457,Pending
2026-08-14 08:10:33,GBPUSD,0,SELL (Mean Reversion),1.35175,1.35294,1.35017,Pending
2026-08-14 08:10:34,USDCAD,0,BUY (Mean Reversion),1.3883,1.38641,1.39081,Pending
2026-08-14 09:55:18,GBPUSD,0,SELL (Mean Reversion),1.35243,1.35365,1.35081,Pending
2026-08-14 10:53:53,GBPUSD,0,SELL (Mean Reversion),1.35285,1.35404,1.35126,Pending
2026-08-14 10:53:54,GBPJPY,0,SELL (Mean Reversion),215.312,215.53358,215.01655,Pending
2026-08-14 11:40:17,EURUSD,0,SELL (Mean Reversion),1.15727,1.15829,1.15591,Pending
2026-08-14 11:40:18,GBPUSD,0,SELL (Mean Reversion),1.35408,1.35532,1.35242,Pending
2026-08-14 11:40:19,EURJPY,0,SELL (Mean Reversion),184.075,184.26515,183.82146,Pending
2026-08-14 11:40:20,GBPJPY,0,SELL (Mean Reversion),215.42599,215.64771,215.13037,Pending
2026-08-14 12:54:07,EURUSD,0,SELL (Mean Reversion),1.15714,1.15824,1.15567,Pending
2026-08-14 12:54:08,GBPUSD,0,SELL (Mean Reversion),1.35393,1.35526,1.35216,Pending
2026-08-14 12:54:09,USDJPY,0,BUY (Mean Reversion),158.867,158.62965,159.18347,Pending
2026-08-14 12:54:10,USDCHF,0,BUY (Mean Reversion),0.81147,0.81011,0.81329,Pending
2026-08-14 14:12:49,EURUSD,0,SELL (Mean Reversion),1.15848,1.1597,1.15685,Pending
2026-08-14 14:12:50,GBPUSD,0,SELL (Mean Reversion),1.35555,1.35699,1.35362,Pending
2026-08-14 14:12:51,USDCHF,0,BUY (Mean Reversion),0.8112,0.80977,0.8131,Pending
2026-08-14 14:12:52,GBPJPY,0,SELL (Mean Reversion),215.51601,215.79559,215.14323,Pending
2026-08-14 15:45:26,EURJPY,0,SELL (Mean Reversion),184.342,184.58818,184.01375,Pending
2026-08-14 15:45:27,GBPJPY,0,SELL (Mean Reversion),215.689,215.98097,215.2997,Pending
2026-08-14 16:49:00,EURJPY,0,SELL (Mean Reversion),184.41,184.65127,184.08831,Pending
2026-08-14 16:49:00,GBPJPY,0,SELL (Mean Reversion),215.80499,216.0974,215.41511,Pending
2026-08-17 05:30:30,USDCAD,0,BUY (Mean Reversion),1.3857,1.38406,1.38789,Pending
2026-08-17 07:47:23,EURUSD,0,SELL (Mean Reversion),1.16117,1.16233,1.15962,Pending
2026-08-17 07:47:25,USDCAD,0,BUY (Mean Reversion),1.38542,1.38372,1.38769,Pending
2026-08-17 07:47:25,USDCHF,0,BUY (Mean Reversion),0.80818,0.80674,0.81009,Pending
2026-08-17 08:36:29,EURUSD,0,SELL (Mean Reversion),1.16131,1.16249,1.15973,Pending
2026-08-17 08:36:30,USDCHF,0,BUY (Mean Reversion),0.80771,0.80622,0.8097,Pending
2026-08-17 09:35:19,EURJPY,0,SELL (Mean Reversion),184.597,184.81459,184.30688,Pending
2026-08-17 12:33:15,GBPJPY,0,SELL (Mean Reversion),215.88699,216.13931,215.55057,Pending
2026-08-17 13:35:10,EURJPY,0,SELL (Mean Reversion),184.75101,184.96079,184.4713,Pending
2026-08-17 13:35:11,GBPJPY,0,SELL (Mean Reversion),216.07001,216.32328,215.73231,Pending
2026-08-17 16:20:56,GBPJPY,0,SELL (Mean Reversion),216.10201,216.3596,215.75855,Pending
2026-08-17 16:20:57,XAUUSD,0,SELL (Mean Reversion),4484.6001,4508.30346,4452.99562,Pending
2026-08-17 18:30:35,USDJPY,0,SELL (Mean Reversion),159.57401,159.7778,159.30228,Pending
2026-08-18 04:29:58,USDJPY,0,SELL (Mean Reversion),159.694,159.90644,159.41075,Pending
2026-08-18 04:29:59,EURJPY,0,SELL (Mean Reversion),184.802,185.01005,184.5246,Pending
2026-08-18 07:33:08,EURJPY,0,SELL (Mean Reversion),184.89,185.08944,184.62408,Pending
2026-08-18 15:26:04,USDCAD,0,SELL (Mean Reversion),1.389,1.39101,1.38632,Pending
2026-08-18 15:26:06,XAUUSD,0,BUY (Mean Reversion),4418.5,4392.70664,4452.89114,Pending
2026-08-18 16:24:40,USDCAD,0,SELL (Mean Reversion),1.38925,1.39122,1.38662,Pending
2026-08-18 16:24:41,XAUUSD,1,SELL (Trend),4423.7002,4448.89709,4390.10434,Pending
2026-08-18 17:21:12,USDCAD,0,SELL (Mean Reversion),1.3896,1.39157,1.38697,Pending
2026-08-18 18:29:55,USDCAD,0,SELL (Mean Reversion),1.3904,1.39234,1.38781,Pending
2026-08-18 21:18:16,XAUUSD,0,BUY (Mean Reversion),4389.5,4364.75751,4422.48999,Pending
2026-08-19 06:34:42,EURUSD,0,SELL (Mean Reversion),1.15982,1.16079,1.15854,Pending
2026-08-19 06:34:43,USDJPY,0,BUY (Mean Reversion),159.14301,158.94744,159.40376,Pending
2026-08-19 07:33:21,EURUSD,0,SELL (Mean Reversion),1.15996,1.1609,1.15871,Pending
2026-08-19 07:33:22,USDJPY,0,BUY (Mean Reversion),159.179,158.98465,159.43813,Pending
2026-08-19 07:33:23,USDCHF,0,BUY (Mean Reversion),0.81047,0.80919,0.81218,Pending
2026-08-19 08:30:26,EURUSD,0,SELL (Mean Reversion),1.16023,1.1612,1.15893,Pending
2026-08-19 08:30:27,GBPUSD,0,SELL (Mean Reversion),1.35566,1.3569,1.35399,Pending
2026-08-19 08:30:28,USDJPY,0,BUY (Mean Reversion),159.095,158.8961,159.3602,Pending
2026-08-19 09:27:53,EURUSD,0,SELL (Mean Reversion),1.16077,1.16176,1.15945,Pending
2026-08-19 09:27:54,GBPUSD,0,SELL (Mean Reversion),1.35569,1.35695,1.35402,Pending
2026-08-19 10:22:14,EURUSD,0,SELL (Mean Reversion),1.16131,1.16231,1.15997,Pending
2026-08-19 10:22:15,GBPUSD,0,SELL (Mean Reversion),1.35612,1.35736,1.35446,Pending
2026-08-19 10:22:16,USDJPY,0,BUY (Mean Reversion),159.034,158.832,159.30332,Pending
2026-08-19 10:22:17,USDCHF,0,BUY (Mean Reversion),0.80995,0.80868,0.81164,Pending
2026-08-19 12:35:29,EURUSD,0,SELL (Mean Reversion),1.16225,1.16338,1.16074,Pending
2026-08-19 12:35:29,GBPUSD,0,SELL (Mean Reversion),1.35785,1.35933,1.35587,Pending
2026-08-19 12:35:29,USDJPY,0,BUY (Mean Reversion),158.774,158.53578,159.09163,Pending
2026-08-19 12:35:30,USDCHF,0,BUY (Mean Reversion),0.80839,0.807,0.81024,Pending
2026-08-19 12:35:31,GBPJPY,0,BUY (Mean Reversion),215.52,215.27278,215.84963,Pending
2026-08-19 13:39:30,EURUSD,0,SELL (Mean Reversion),1.16564,1.16713,1.16364,Pending
2026-08-19 13:39:30,GBPUSD,0,SELL (Mean Reversion),1.36206,1.36397,1.35952,Pending
2026-08-19 13:39:31,USDJPY,0,BUY (Mean Reversion),158.435,158.1315,158.83966,Pending
2026-08-19 13:39:31,AUDUSD,0,SELL (Mean Reversion),0.71215,0.71352,0.71032,Pending
2026-08-19 13:39:32,USDCAD,0,BUY (Mean Reversion),1.38339,1.38106,1.3865,Pending
2026-08-19 13:39:32,NZDUSD,0,SELL (Mean Reversion),0.59224,0.59357,0.59047,Pending
2026-08-19 14:27:16,EURUSD,0,SELL (Mean Reversion),1.16713,1.16867,1.16509,Pending
2026-08-19 14:27:17,GBPUSD,0,SELL (Mean Reversion),1.36203,1.36389,1.35954,Pending
2026-08-19 14:27:18,USDJPY,0,BUY (Mean Reversion),158.3,157.99344,158.70876,Pending
2026-08-19 14:27:22,AUDUSD,0,SELL (Mean Reversion),0.7124,0.71376,0.71059,Pending
2026-08-19 14:27:23,USDCAD,0,BUY (Mean Reversion),1.38102,1.37848,1.3844,Pending
2026-08-19 14:27:24,USDCHF,0,BUY (Mean Reversion),0.8011,0.79903,0.80386,Pending
2026-08-19 14:27:25,NZDUSD,0,SELL (Mean Reversion),0.59298,0.59429,0.59123,Pending
2026-08-19 15:25:34,AUDUSD,0,SELL (Mean Reversion),0.71235,0.71369,0.71057,Pending
2026-08-19 15:25:35,USDCHF,0,BUY (Mean Reversion),0.80133,0.79902,0.80441,Pending
2026-08-19 15:25:35,NZDUSD,0,SELL (Mean Reversion),0.59287,0.59421,0.5911,Pending
2026-08-19 15:25:37,XAUUSD,0,SELL (Mean Reversion),4545.0,4577.5256,4501.63253,Pending
2026-08-19 16:24:37,AUDUSD,0,SELL (Mean Reversion),0.71281,0.71411,0.71107,Pending
2026-08-19 16:24:38,USDCHF,0,BUY (Mean Reversion),0.79912,0.79669,0.80235,Pending
2026-08-19 16:24:39,NZDUSD,0,SELL (Mean Reversion),0.59358,0.59491,0.59181,Pending
2026-08-19 16:24:40,XAUUSD,0,SELL (Mean Reversion),4555.2002,4586.9936,4512.80899,Pending
2026-08-19 18:26:18,GBPJPY,0,BUY (Mean Reversion),215.40601,215.08235,215.83755,Pending
2026-08-19 19:20:32,GBPJPY,0,BUY (Mean Reversion),215.371,215.05204,215.79628,Pending
2026-08-19 20:20:22,GBPJPY,0,BUY (Mean Reversion),215.164,214.8345,215.60334,Pending
2026-08-19 21:20:16,GBPJPY,0,BUY (Mean Reversion),215.061,214.72176,215.51333,Pending
2026-08-19 22:19:08,GBPJPY,0,BUY (Mean Reversion),215.071,214.73715,215.51613,Pending
2026-08-20 02:15:05,EURJPY,0,SELL (Mean Reversion),185.07201,185.32463,184.73517,Pending
2026-08-20 07:36:20,GBPUSD,0,SELL (Mean Reversion),1.36223,1.36397,1.35992,Pending
2026-08-20 08:31:35,GBPUSD,0,SELL (Mean Reversion),1.36301,1.36484,1.36058,Pending
2026-08-20 08:31:36,USDCAD,0,BUY (Mean Reversion),1.37752,1.37519,1.38063,Pending
2026-08-20 09:28:08,EURUSD,0,SELL (Mean Reversion),1.17096,1.17245,1.16897,Pending
2026-08-20 09:28:08,GBPUSD,0,SELL (Mean Reversion),1.36426,1.36609,1.36181,Pending
2026-08-20 09:28:09,AUDUSD,0,SELL (Mean Reversion),0.71327,0.71446,0.71168,Pending
2026-08-20 09:28:09,USDCAD,0,BUY (Mean Reversion),1.37664,1.37424,1.37984,Pending
2026-08-20 09:28:09,USDCHF,0,BUY (Mean Reversion),0.7958,0.79358,0.79876,Pending
2026-08-20 10:23:38,EURUSD,0,SELL (Mean Reversion),1.17082,1.17227,1.1689,Pending
2026-08-20 10:23:39,GBPUSD,0,SELL (Mean Reversion),1.36515,1.36705,1.36262,Pending
2026-08-20 10:23:39,USDCAD,0,BUY (Mean Reversion),1.37593,1.37355,1.3791,Pending
2026-08-21 02:24:35,AUDUSD,0,SELL (Mean Reversion),0.71418,0.7153,0.71269,Pending
2026-08-21 02:24:36,NZDUSD,0,SELL (Mean Reversion),0.59737,0.59843,0.59596,Pending
2026-08-21 03:45:41,AUDUSD,0,SELL (Mean Reversion),0.71444,0.71554,0.71297,Pending
2026-08-21 08:33:29,AUDUSD,0,SELL (Mean Reversion),0.71602,0.7171,0.71459,Pending
2026-08-21 08:33:31,XAUUSD,0,SELL (Mean Reversion),4634.7002,4662.78703,4597.25108,Pending
2026-08-21 09:31:03,XAUUSD,0,SELL (Mean Reversion),4649.0,4677.98345,4610.3554,Pending
2026-08-24 06:45:45,USDCAD,0,SELL (Mean Reversion),1.38195,1.38422,1.37892,Pending
2026-08-24 07:53:17,USDCAD,0,SELL (Mean Reversion),1.38352,1.38592,1.38033,Pending
2026-08-24 08:41:07,USDCAD,0,SELL (Mean Reversion),1.3838,1.38619,1.38062,Pending
2026-08-24 08:41:08,USDCHF,0,SELL (Mean Reversion),0.80267,0.80422,0.80061,Pending
2026-08-24 09:40:45,EURUSD,0,BUY (Mean Reversion),1.16659,1.16548,1.16807,Pending
2026-08-24 09:40:47,USDCHF,0,SELL (Mean Reversion),0.80267,0.80419,0.80065,Pending
2026-08-24 13:45:58,XAUUSD,0,SELL (Mean Reversion),4736.7002,4767.71328,4695.34941,Pending
2026-08-25 03:43:00,USDJPY,0,SELL (Mean Reversion),159.342,159.55557,159.05723,Pending
2026-08-25 04:33:36,USDCHF,0,SELL (Mean Reversion),0.80376,0.805,0.80211,Pending
2026-08-25 05:26:28,USDCHF,0,SELL (Mean Reversion),0.80377,0.80495,0.80219,Pending
